cycle,ones,repaired_organs,turnover_organs,original_compute_remaining,original_state_remaining,state_digest
0,678,1,1,9262,1023,-8878103866488632524
1,499,0,1,9258,1022,2826907864866741360
2,520,0,1,9242,1021,6879421991522709651
3,528,0,1,9236,1020,-8421199052351580068
4,538,0,1,9230,1019,783372909155902859
5,548,0,1,9226,1018,-5003821661010684761
6,558,0,1,9220,1017,6387096655341465573
7,555,0,1,9216,1016,6606403465244453791
8,506,0,1,9212,1015,-7895511801609674681
9,559,0,1,9208,1014,1493033134048234351
10,544,0,1,9192,1013,-7176155289223459435
11,563,0,1,9188,1012,4599357588460845344
12,576,0,1,9182,1011,8636660094643697081
13,575,0,1,9178,1010,6924108737882758570
14,591,0,1,9172,1009,3450558320899996714
15,589,0,1,9168,1008,5682726443647416088
16,578,0,1,9152,1007,6065833471276538627
17,585,1,1,9132,1006,-1750794773384156708
18,565,0,1,9128,1005,6022029895924059143
19,575,0,1,9112,1004,3864502027038511866
20,562,0,1,9096,1003,6874597721809601419
21,580,0,1,9090,1002,609569916897268647
22,555,0,1,9086,1001,4001149693553517298
23,577,0,1,9070,1000,6861989574397071560
24,596,0,1,9066,999,-1251550514243599777
25,590,0,1,9060,998,1819923437625667566
26,576,0,1,9056,997,-1241541700940933369
27,585,0,1,9052,996,-1047318500627424172
28,581,0,1,9036,995,-4269234795785588623
29,584,0,1,9030,994,-8307670045418116916
30,581,0,1,9024,993,2093753804974282614
31,588,0,1,9018,992,5190872958912846309
32,574,0,1,9012,991,6213596732562992946
33,596,0,1,9008,990,2325258111312907999
34,597,1,1,8976,989,3275201990919313810
35,563,0,1,8970,988,5871461033198736352
36,566,0,1,8966,987,-3521570528447204247
37,567,0,1,8960,986,-4619938604658690722
38,551,0,1,8954,985,7948685332609274775
39,602,0,1,8950,984,8625532538803326879
40,605,0,1,8934,983,4167976550829102030
41,568,0,1,8918,982,2666263151960482650
42,555,0,1,8912,981,3099774498653704754
43,583,0,1,8906,980,-462108553966425204
44,596,0,1,8900,979,5571003038434875705
45,605,0,1,8884,978,-7000406228500554448
46,591,0,1,8868,977,-5169165702525594372
47,571,0,1,8862,976,-3074768799422537510
48,594,0,1,8846,975,-817378189229599530
49,579,0,1,8830,974,-4918869849378297822
50,562,0,1,8824,973,4735690407434779112
51,565,1,1,8802,972,-8830573209259508752
52,583,0,1,8796,971,-537185909310472676
53,582,0,1,8780,970,-2452667795496959859
54,582,0,1,8764,969,-5556836371175539051
55,603,0,1,8758,968,-2098901020469407441
56,577,0,1,8742,967,3740159595856407882
57,570,0,1,8726,966,-6501394541770148976
58,589,0,1,8720,965,7573810928165819037
59,569,0,1,8704,964,2661828849493042100
60,567,0,1,8688,963,4375517632206961109
61,600,0,1,8684,962,-2239718558080000070
62,592,0,1,8678,961,-6167318104301616189
63,591,0,1,8674,960,2171682493263958852
64,593,0,1,8658,959,5653360476355213299
65,602,0,1,8642,958,-8934962309862603515
66,579,0,1,8636,957,9218079015074812882
67,597,0,1,8630,956,8895379281974383399
68,577,1,1,8598,955,-3547745627881730306
69,568,0,1,8582,954,-2084332806613490608
70,572,0,1,8576,953,4451852441715903650
71,575,0,1,8572,952,-759101511685154177
72,596,0,1,8566,951,-6123760464355279829
73,566,0,1,8560,950,2873594383550002850
74,589,0,1,8556,949,-9089905882766609184
75,584,0,1,8552,948,-4162749201408702727
76,606,0,1,8548,947,-1786870283284962692
77,571,0,1,8544,946,-1369784569867009289
78,579,0,1,8538,945,-9030661274838861645
79,585,0,1,8522,944,2220929687369533811
80,562,0,1,8516,943,-3346091814922762101
81,588,0,1,8510,942,-3389473587899257632
82,586,0,1,8504,941,-7391125634982428361
83,558,0,1,8500,940,-2643309363988848839
84,574,0,1,8484,939,-3511517178262559643
85,569,1,1,8462,938,1221948816082165103
86,574,0,1,8456,937,-8295770472208974071
87,556,0,1,8440,936,-4683505604503243660
88,585,0,1,8424,935,-9156225429020148917
89,584,0,1,8408,934,-1748050424667202378
90,585,0,1,8402,933,-7999602569744511820
91,584,0,1,8398,932,-8600627794127038734
92,586,0,1,8382,931,-4012032080158754300
93,588,0,1,8366,930,-2997410651516818354
94,573,0,1,8362,929,-4262416645381668807
95,554,0,1,8346,928,-8981730533569363824
96,602,0,1,8330,927,-7546301500687441819
97,567,0,1,8314,926,-2272143221736303714
98,571,0,1,8298,925,4214361649720429663
99,579,0,1,8282,924,3565227741001309373
100,586,0,1,8278,923,-5990931338318211585
101,579,0,1,8262,922,8402550537106884485
102,565,1,1,8242,921,4473761949722835449
103,585,0,1,8226,920,6061372503243672197
104,589,0,1,8222,919,-9071034123433389999
105,574,0,1,8218,918,7821432533688328635
106,578,0,1,8214,917,251465828829541518
107,569,0,1,8210,916,5690938685804187106
108,575,0,1,8204,915,8709917335297110899
109,587,0,1,8188,914,-485564495466613504
110,579,0,1,8184,913,-7059417221968231443
111,576,0,1,8168,912,-2910165549531845895
112,571,0,1,8152,911,-8520970461226206258
113,594,0,1,8148,910,-2155325485937922429
114,592,0,1,8144,909,-3687532944009106532
115,575,0,1,8128,908,3879573337583327765
116,590,0,1,8112,907,-4683814476599910193
117,590,0,1,8096,906,2166943404329868880
118,579,0,1,8092,905,2171792990677659315
119,577,1,1,8060,904,-4062800838271818741
120,590,0,1,8056,903,2397870944060917608
121,588,0,1,8040,902,-8039053364970438436
122,569,0,1,8036,901,3689406866396298757
123,573,0,1,8020,900,-3280843847092870113
124,595,0,1,8014,899,7328068842217952844
125,575,0,1,7998,898,-8100652143840764391
126,579,0,1,7994,897,2613525491106944934
127,561,0,1,7978,896,-9165228018892265771
128,586,0,1,7962,895,-6430737598914402959
129,583,0,1,7956,894,9191647883202932597
130,580,0,1,7940,893,-1132760560505243884
131,576,0,1,7936,892,-96849670993039650
132,571,0,1,7920,891,-5682973849723468306
133,555,0,1,7904,890,-6895533852404844987
134,578,0,1,7898,889,6569018869526612646
135,566,0,1,7882,888,6924920960702169460
136,579,1,1,7860,887,2775616415976133370
137,585,0,1,7860,886,-3913308956619552554
138,588,0,1,7854,885,-8302455689122343956
139,572,0,1,7848,884,-7492245005017214048
140,570,0,1,7842,883,2675908498473176376
141,585,0,1,7838,882,-4093346473657006251
142,581,0,1,7834,881,1879053116074868255
143,601,0,1,7828,880,-6945022508808202017
144,584,0,1,7824,879,6355158251001737965
145,583,0,1,7818,878,-5240000466626864121
146,589,0,1,7802,877,-5305089754528843014
147,580,0,1,7796,876,36729244263044003
148,601,0,1,7780,875,-1576983446482975847
149,591,0,1,7776,874,-5025980317700735560
150,584,0,1,7760,873,-154689381530988949
151,581,0,1,7756,872,2880715122492246011
152,566,0,1,7752,871,7631151592471940024
153,588,1,1,7730,870,3662243331381262875
154,590,0,1,7726,869,7884456833134091479
155,572,0,1,7722,868,-1348107920446909615
156,585,0,1,7718,867,-1854460901206851148
157,585,0,1,7712,866,-4862359941024848183
158,581,0,1,7706,865,-6608814147531335829
159,563,0,1,7690,864,-366324801399955832
160,574,0,1,7674,863,6851122905722754235
161,596,0,1,7668,862,-2663319916509130694
162,587,0,1,7664,861,4422768701828669490
163,580,0,1,7648,860,4494444655804520393
164,587,0,1,7642,859,3772337210253528248
165,586,0,1,7626,858,8436186388285987421
166,594,0,1,7610,857,3042602458235194475
167,595,0,1,7594,856,2498788503264824931
168,593,0,1,7578,855,7386653942502309105
169,584,0,1,7562,854,-3937734239929701046
170,568,1,1,7546,853,-3975408850602219218
171,572,0,1,7540,852,-3154893191312848744
172,574,0,1,7524,851,605415237035765351
173,594,0,1,7520,850,-5916573901376593245
174,583,0,1,7516,849,7149268718603088594
175,579,0,1,7510,848,9091560563187231365
176,578,0,1,7494,847,8776199752915515413
177,565,0,1,7488,846,-508038548730893298
178,599,0,1,7484,845,6502992237767982998
179,582,0,1,7478,844,1751877466720739282
180,569,0,1,7474,843,5466460448957652571
181,560,0,1,7458,842,3601880117117917189
182,588,0,1,7442,841,7615282747391788778
183,583,0,1,7436,840,9211742992424278177
184,575,0,1,7430,839,-5208745791451453208
185,583,0,1,7414,838,-6309454049073607337
186,595,0,1,7410,837,-7252806338406415082
187,571,1,1,7378,836,8106278490877937621
188,593,0,1,7374,835,1959354114682443565
189,584,0,1,7368,834,2853246679815334968
190,570,0,1,7352,833,6909505445880307865
191,592,0,1,7336,832,2534732900152277991
192,587,0,1,7320,831,-7277180222633707575
193,594,0,1,7304,830,9188130610761287302
194,592,0,1,7288,829,206159068685001094
195,591,0,1,7272,828,1192714826858936239
196,590,0,1,7266,827,2061552376624933742
197,576,0,1,7250,826,4889762536241194433
198,590,0,1,7234,825,8695516992955633380
199,585,0,1,7218,824,4977280436010409255
200,584,0,1,7214,823,4027858795267504813
201,595,0,1,7208,822,4097568120465788612
202,580,0,1,7192,821,-4324949915205423486
203,593,0,1,7186,820,7874561433068620838
204,581,1,1,7166,819,895729700966805481
205,578,0,1,7162,818,3490651954250652367
206,591,0,1,7146,817,-6903488912974242525
207,572,0,1,7130,816,-4183915561539821954
208,584,0,1,7124,815,5980804086988701008
209,591,0,1,7120,814,1531839937285300501
210,588,0,1,7104,813,2330521378731233912
211,576,0,1,7100,812,-8377567031259800981
212,571,0,1,7096,811,1372860810043640910
213,594,0,1,7092,810,8427820158277327435
214,582,0,1,7088,809,4652853751473226574
215,582,0,1,7084,808,7441402365481589097
216,581,0,1,7068,807,2717364994522597318
217,565,0,1,7062,806,-5630042067870389432
218,585,0,1,7056,805,-1974754371529221991
219,579,0,1,7050,804,5638666238378377223
220,582,0,1,7046,803,-4431378395244488876
221,601,1,1,7046,802,-1381284103965443481
222,584,0,1,7042,801,-1161313461860166243
223,580,0,1,7026,800,7593839421861670037
224,580,0,1,7010,799,829522707794650671
225,595,0,1,7004,798,-7907068463279087881
226,579,0,1,7004,797,2611490027225374125
227,581,0,1,7000,796,-1962946569347808998
228,591,0,1,6994,795,4490199779849029222
229,578,0,1,6990,794,-3551278242118023492
230,588,0,1,6974,793,27228746466712946
231,582,0,1,6970,792,5191651681343057130
232,573,0,1,6964,791,-1435192580207842292
233,582,0,1,6960,790,-2245175038551474929
234,582,0,1,6956,789,-8483119026209252244
235,596,0,1,6950,788,-580602752908791613
236,582,0,1,6946,787,3617962640514654472
237,592,0,1,6942,786,5397441067704132827
238,573,1,1,6936,785,2556149317297473783
239,590,0,1,6920,784,1794800463122332239
240,590,0,1,6914,783,1906556070515206441
241,591,0,1,6908,782,2007150876499012233
242,593,0,1,6904,781,-8953807828794390074
243,577,0,1,6900,780,7771929276654637661
244,584,0,1,6894,779,-560535028139554023
245,578,0,1,6890,778,-1828676213627671755
246,585,0,1,6886,777,8845627737797914650
247,585,0,1,6880,776,3805061289064307159
248,594,0,1,6874,775,1066748422093587362
249,579,0,1,6868,774,2517587781630606733
250,580,0,1,6862,773,-4956246876599497214
251,594,0,1,6846,772,499054353143167010
252,585,0,1,6840,771,5020606867974696541
253,575,0,1,6824,770,1858367973221925892
254,603,0,1,6820,769,1607811212373846549
255,611,1,1,6800,768,1735518569340467614
256,591,0,1,6794,767,-6382486026298682811
257,579,0,1,6788,766,-7126756229087671615
258,575,0,1,6782,765,-1434757993358286210
259,574,0,1,6776,764,482491161424867337
260,565,0,1,6772,763,-7988293367412531032
261,593,0,1,6756,762,8851471186107485032
262,603,0,1,6750,761,-3239558524501390659
263,581,0,1,6746,760,-4562431265980238178
264,583,0,1,6730,759,5178921748713956562
265,582,0,1,6714,758,-5850775342061165725
266,563,0,1,6708,757,-7695087306890005536
267,587,0,1,6702,756,734993344037930947
268,592,0,1,6686,755,5923160303065674921
269,590,0,1,6670,754,5392032764049334326
270,583,0,1,6670,753,5946065146757718891
271,586,0,1,6664,752,-8427989716952561524
272,601,1,1,6632,751,1916333933044449275
273,574,0,1,6626,750,4977212306475499264
274,591,0,1,6620,749,-1915774675434521657
275,584,0,1,6616,748,-7719164004394419939
276,577,0,1,6600,747,1190804465830275294
277,571,0,1,6584,746,1194487238533860931
278,590,0,1,6580,745,-6152456365286266011
279,594,0,1,6576,744,-2951429592712179786
280,584,0,1,6560,743,-5638545544953789367
281,581,0,1,6556,742,-2740587618646331716
282,583,0,1,6552,741,-2551504892736190800
283,585,0,1,6548,740,-3507835372053550681
284,597,0,1,6542,739,-2527635642909638524
285,582,0,1,6526,738,-5764127227947850431
286,585,0,1,6520,737,-685988078425981894
287,601,0,1,6504,736,5765039572960984468
288,597,0,1,6488,735,8842534599730472773
289,585,1,1,6466,734,-59443064418791033
290,568,0,1,6460,733,-9028707823914208635
291,598,0,1,6456,732,-9145658415046754546
292,579,0,1,6452,731,-7128172598549278166
293,556,0,1,6436,730,-4218407216296513344
294,593,0,1,6432,729,-6101476589570306202
295,606,0,1,6416,728,7149983095281850090
296,593,0,1,6400,727,1590766641362021230
297,577,0,1,6384,726,-3034109845181083586
298,581,0,1,6378,725,-1664861599872590055
299,576,0,1,6372,724,6602367655398371569
300,589,0,1,6366,723,-6485054006532783132
301,596,0,1,6360,722,-5799548419663478822
302,582,0,1,6354,721,-6876324531168432567
303,590,0,1,6338,720,-4692834901568414839
304,598,0,1,6332,719,7405907346112161483
305,571,0,1,6316,718,-1810981571533916629
306,558,1,1,6294,717,908125190704015247
307,583,0,1,6290,716,-744263802714311585
308,618,0,1,6286,715,-76263349593340506
309,579,0,1,6280,714,8426692443152819609
310,577,0,1,6276,713,7956898288751957643
311,592,0,1,6272,712,6759793495122541074
312,603,0,1,6256,711,-2624242778663562243
313,570,0,1,6252,710,-191964952879723024
314,576,0,1,6236,709,7338320853509545354
315,601,0,1,6232,708,6670738909995653905
316,584,0,1,6216,707,1935775419354134175
317,586,0,1,6210,706,6445826525359862439
318,589,0,1,6206,705,3941353525159603013
319,590,0,1,6202,704,-3405440986011770169
320,581,0,1,6186,703,-329931039258419504
321,583,0,1,6170,702,5844108927263442778
322,579,0,1,6164,701,6984906431259980801
323,581,1,1,6148,700,-4345104782927626387
324,603,0,1,6132,699,-4463118643068005822
325,589,0,1,6116,698,-5857836035228920249
326,577,0,1,6112,697,-8878074740908707757
327,592,0,1,6106,696,7306174488231414359
328,589,0,1,6090,695,-922641977618651166
329,597,0,1,6084,694,-955317161257586888
330,589,0,1,6068,693,7361042617896396832
331,577,0,1,6062,692,-7330489270222154783
332,589,0,1,6056,691,-8735121644736937101
333,591,0,1,6050,690,-6656732770523516598
334,580,0,1,6046,689,906097572850744137
335,581,0,1,6040,688,554544192409952670
336,596,0,1,6034,687,6199701944113395495
337,586,0,1,6030,686,-3806450122223780886
338,580,0,1,6026,685,6940898162705577370
339,578,0,1,6022,684,-1596569599758292351
340,593,1,1,6000,683,2554767354652910959
341,571,0,1,5996,682,-3952362544619785423
342,580,0,1,5990,681,-4821056743894084497
343,592,0,1,5984,680,-883785665247697334
344,592,0,1,5968,679,-187344674475101147
345,583,0,1,5952,678,649471170536486707
346,572,0,1,5948,677,-8531939459150850356
347,581,0,1,5944,676,3027659575430837424
348,591,0,1,5928,675,-1195809265530869716
349,585,0,1,5912,674,-8447271113185157159
350,576,0,1,5896,673,-1325402149475405622
351,585,0,1,5880,672,1460932289262847630
352,583,0,1,5864,671,-9153442184482687578
353,579,0,1,5858,670,527408658972095028
354,583,0,1,5852,669,-4361619140006413222
355,599,0,1,5836,668,8076182596254006692
356,581,0,1,5832,667,8881740581929106030
357,589,1,1,5800,666,-946702181278261359
358,586,0,1,5796,665,-957397658119799138
359,592,0,1,5780,664,-4289735279955399259
360,572,0,1,5764,663,314863064057589482
361,570,0,1,5760,662,6183481254182155632
362,577,0,1,5756,661,-1244694150908662611
363,576,0,1,5740,660,6505284591687372123
364,595,0,1,5724,659,2061814604933453865
365,573,0,1,5718,658,420629277280233352
366,569,0,1,5702,657,-1330582283747278507
367,580,0,1,5686,656,8075128027436568296
368,599,0,1,5680,655,7159741784134193928
369,592,0,1,5674,654,35704594221919518
370,568,0,1,5658,653,-8862921335417496256
371,577,0,1,5652,652,-6151717604069834016
372,588,0,1,5636,651,-7937187669375770972
373,588,0,1,5630,650,1562901414701254348
374,592,1,1,5608,649,1659084253894676423
375,583,0,1,5604,648,321399497467283579
376,585,0,1,5588,647,6047429830073309162
377,578,0,1,5584,646,3186367841264274870
378,592,0,1,5568,645,7229841272604155494
379,582,0,1,5552,644,-7020203943131418788
380,588,0,1,5536,643,-3285503513286271429
381,579,0,1,5532,642,831964851507861969
382,579,0,1,5516,641,-5435335856944436473
383,586,0,1,5510,640,7583343066726378066
384,599,0,1,5494,639,9066981267314501019
385,597,0,1,5478,638,5109014922706791619
386,578,0,1,5474,637,-5140040120510407687
387,578,0,1,5468,636,-4764638575972813495
388,596,0,1,5468,635,-5441243644049322997
389,585,0,1,5464,634,-8747198079211940941
390,595,0,1,5460,633,-8613370621678784303
391,588,1,1,5454,632,8663634142915525885
392,585,0,1,5438,631,2682960303997132565
393,577,0,1,5432,630,-5040353971452661765
394,563,0,1,5416,629,-2872896087479371748
395,569,0,1,5400,628,-9007225635185613238
396,577,0,1,5396,627,-8594572990043894023
397,586,0,1,5390,626,-7313288704695612106
398,598,0,1,5384,625,1927240102734955195
399,574,0,1,5368,624,5306291987174862226
400,592,0,1,5364,623,8447637443875849965
401,567,0,1,5348,622,-7375033599881725081
402,572,0,1,5332,621,-1775825268259374271
403,579,0,1,5316,620,5542060975388417473
404,579,0,1,5310,619,-7696840885322396874
405,593,0,1,5294,618,2644741477267639202
406,576,0,1,5288,617,-5825563209673253531
407,583,0,1,5272,616,3965672458261318547
408,584,1,1,5240,615,2285482624604536152
409,570,0,1,5236,614,7923827171389962627
410,581,0,1,5220,613,-3453319267290200542
411,581,0,1,5216,612,-7846513564765619800
412,596,0,1,5210,611,693825771995068240
413,581,0,1,5206,610,-5604024405262505650
414,579,0,1,5190,609,1544744292999256270
415,593,0,1,5184,608,3686360017104956092
416,577,0,1,5180,607,418680258163140785
417,575,0,1,5174,606,-1242478340200867214
418,584,0,1,5170,605,-8818428801879219114
419,589,0,1,5164,604,8520298243660290209
420,596,0,1,5158,603,1472999386380138959
421,588,0,1,5154,602,-8012922681601332153
422,576,0,1,5150,601,-4205562034254131761
423,570,0,1,5144,600,9019045978560001332
424,585,0,1,5128,599,-4600409146491986046
425,591,1,1,5106,598,5680022270053989509
426,597,0,1,5100,597,-7739916549979763880
427,592,0,1,5096,596,-809092180036228149
428,592,0,1,5092,595,2115422367024107277
429,576,0,1,5088,594,-3928070767616612812
430,572,0,1,5072,593,-160200375760375643
431,576,0,1,5056,592,4805397139986640744
432,573,0,1,5050,591,8460111458788922741
433,592,0,1,5046,590,4731306107580932841
434,577,0,1,5046,589,6293933678072647795
435,582,0,1,5042,588,-1524157200002210906
436,585,0,1,5026,587,-9055754508624836125
437,569,0,1,5022,586,3088679457799310205
438,563,0,1,5016,585,7370556289250387720
439,563,0,1,5000,584,6924717040353883803
440,600,0,1,4984,583,2550670138585003677
441,606,0,1,4978,582,-4442532679948951539
442,571,1,1,4962,581,8705356243448939454
443,578,0,1,4946,580,2710199777011545408
444,602,0,1,4942,579,-6766079476083619924
445,578,0,1,4938,578,5801445577479498933
446,568,0,1,4932,577,2423423290343244204
447,569,0,1,4916,576,7208432553964424392
448,594,0,1,4900,575,3369575167903668402
449,579,0,1,4896,574,-1737403562534652100
450,594,0,1,4892,573,-2783439446496094923
451,589,0,1,4876,572,8125164557328770803
452,569,0,1,4870,571,-3652746886287291778
453,588,0,1,4854,570,3349969553917491961
454,578,0,1,4838,569,7307643935743703109
455,583,0,1,4834,568,-312245140727100117
456,587,0,1,4818,567,7207264192164484085
457,577,0,1,4802,566,5237560872477544868
458,593,0,1,4796,565,8416387697833762763
459,563,1,1,4764,564,-1970067492347330431
460,593,0,1,4748,563,5308016282739875268
461,582,0,1,4732,562,-6215052195749775663
462,582,0,1,4716,561,-6034385910844663580
463,597,0,1,4710,560,-829697755062718477
464,565,0,1,4704,559,3602047388857288803
465,592,0,1,4688,558,-6074511347468882362
466,580,0,1,4682,557,4896991685317304820
467,580,0,1,4666,556,5358764882617490988
468,588,0,1,4650,555,3343605312442677413
469,584,0,1,4644,554,8371246300695671104
470,588,0,1,4628,553,682433966481491855
471,564,0,1,4622,552,-7641269972530797953
472,586,0,1,4618,551,3865298272631167165
473,583,0,1,4602,550,4403221213464024468
474,574,0,1,4596,549,7461175034605939561
475,591,0,1,4580,548,-2447836040145141909
476,569,1,1,4558,547,-8559892087125040330
477,587,0,1,4554,546,7915910019829238292
478,592,0,1,4548,545,-3526096871217958714
479,588,0,1,4532,544,3641043402132260616
480,582,0,1,4532,543,8317947283088326688
481,575,0,1,4528,542,7563334886228831970
482,586,0,1,4512,541,-412856054234719491
483,583,0,1,4506,540,-7447190895904544704
484,588,0,1,4500,539,3881171421272684878
485,581,0,1,4496,538,4784324348682809287
486,578,0,1,4480,537,-8659329449405313436
487,579,0,1,4464,536,3689869631969408890
488,585,0,1,4458,535,6472674914395486259
489,581,0,1,4442,534,-4372063744543897556
490,587,0,1,4438,533,6121885653547613664
491,584,0,1,4434,532,-9124722438677985884
492,565,0,1,4418,531,-336070657670890101
493,570,1,1,4396,530,-8156808075473767780
494,572,0,1,4380,529,-2417945769994694805
495,588,0,1,4374,528,7824570253912992413
496,602,0,1,4368,527,8479644305355870762
497,580,0,1,4352,526,7949955594144037450
498,577,0,1,4346,525,3058186503827494210
499,590,0,1,4330,524,2350742607794681027
500,586,0,1,4324,523,-1836118274113469224
501,578,0,1,4324,522,2005864366013976060
502,568,0,1,4324,521,840386200380855288
503,598,0,1,4320,520,-5407572096912827635
504,590,0,1,4316,519,991808605287669388
505,590,0,1,4316,518,-2769676248110895426
506,584,0,1,4310,517,-8056874332713121453
507,589,0,1,4306,516,-4713234029180142921
508,572,0,1,4302,515,-6040013983427752689
509,582,0,1,4302,514,903864649902566920
510,589,1,1,4282,513,490147359841233710
511,583,0,1,4266,512,1897947988899625479
512,582,0,1,4262,511,-219616551894111208
513,588,0,1,4256,510,4900730290957797947
514,586,0,1,4240,509,2542169154161586904
515,579,0,1,4234,508,8938706370164625185
516,592,0,1,4230,507,8178843810973796505
517,575,0,1,4226,506,-2762661157813648620
518,590,0,1,4220,505,1556401740168579506
519,585,0,1,4204,504,-6707095415360778795
520,592,0,1,4204,503,-4378169330722970954
521,592,0,1,4200,502,4567698323364038947
522,572,0,1,4184,501,8773836667399256799
523,586,0,1,4178,500,-4662345763596704679
524,591,0,1,4174,499,-7359174086381413985
525,585,0,1,4168,498,5241528943883740157
526,589,0,1,4152,497,-4689153009157908081
527,575,1,1,4146,496,5770765803355349066
528,589,0,1,4130,495,-3400074687597936099
529,570,0,1,4124,494,-3487391458554271599
530,582,0,1,4118,493,6974727062972312947
531,580,0,1,4118,492,527536568178349626
532,567,0,1,4114,491,-2631910091302109591
533,590,0,1,4098,490,8405030300623300801
534,587,0,1,4092,489,2274062205399579672
535,589,0,1,4076,488,-8232268049333119194
536,588,0,1,4060,487,2950477530982482378
537,582,0,1,4054,486,-6436101203355358757
538,581,0,1,4048,485,5637459463515283061
539,581,0,1,4032,484,8004034611624871188
540,581,0,1,4028,483,-6860602440314936575
541,591,0,1,4022,482,245236092975071089
542,587,0,1,4006,481,-3601112661900456582
543,577,0,1,3990,480,-1410256670787967870
544,582,1,1,3974,479,-8270344869736885591
545,582,0,1,3970,478,-2881760292203597485
546,573,0,1,3966,477,4628181700516809884
547,575,0,1,3962,476,8351824655825576310
548,594,0,1,3946,475,1682744477690865533
549,585,0,1,3942,474,-745230939662602632
550,586,0,1,3936,473,-243611344586076888
551,581,0,1,3930,472,-7532205213470030184
552,576,0,1,3926,471,861739947301270401
553,574,0,1,3922,470,5865401812970086011
554,585,0,1,3916,469,-3157255685663546422
555,586,0,1,3900,468,4186676894038465187
556,587,0,1,3896,467,5342101804684905851
557,575,0,1,3892,466,3870108593804374769
558,585,0,1,3886,465,1520796780212457447
559,573,0,1,3880,464,-2148828947013415196
560,588,0,1,3874,463,8785423169644551793
561,580,1,1,3858,462,5662652650669508131
562,570,0,1,3854,461,834024275148234213
563,607,0,1,3848,460,-47382338730602559
564,591,0,1,3832,459,-2779990104788938734
565,585,0,1,3826,458,2582766209977648925
566,580,0,1,3822,457,-2251060195032110882
567,573,0,1,3806,456,-308159371970248203
568,582,0,1,3802,455,-2376787856104895134
569,572,0,1,3786,454,-1297530399596176188
570,588,0,1,3786,453,6586917166294001541
571,586,0,1,3782,452,-5979180353166444556
572,580,0,1,3776,451,-4419546814515474780
573,585,0,1,3770,450,-6807061344784294825
574,583,0,1,3766,449,-6093190477114943947
575,586,0,1,3760,448,1895428564613885644
576,581,0,1,3756,447,578647738251827139
577,582,0,1,3752,446,9162447293814682465
578,597,1,1,3742,445,-922419629037864637
579,574,0,1,3738,444,1625854163683586808
580,583,0,1,3722,443,4140251290957947522
581,593,0,1,3716,442,7662379981681091236
582,573,0,1,3712,441,281810109286703934
583,585,0,1,3706,440,290767151671635462
584,584,0,1,3702,439,7911049132360044755
585,580,0,1,3698,438,-4902896395527410143
586,580,0,1,3694,437,2189091507504118685
587,585,0,1,3690,436,5273913390942242054
588,578,0,1,3686,435,-4586549882362327896
589,566,0,1,3670,434,-3782720960958158491
590,595,0,1,3666,433,4457395150049025245
591,591,0,1,3662,432,-3881066469478808170
592,565,0,1,3658,431,5898429178314726551
593,590,0,1,3654,430,4006009508245690259
594,592,0,1,3648,429,8359569794817354010
595,586,1,1,3632,428,194384777554697362
596,576,0,1,3626,427,2903760217118596384
597,584,0,1,3610,426,-301267760124601025
598,595,0,1,3606,425,-310781177598050576
599,576,0,1,3600,424,5325428733005075261
600,580,0,1,3596,423,-6789602447064123829
601,576,0,1,3590,422,7534859150462987534
602,576,0,1,3584,421,7430748307626938323
603,586,0,1,3578,420,21917511699416888
604,580,0,1,3572,419,-7353915258292886564
605,583,0,1,3568,418,104384998544470313
606,584,0,1,3552,417,3398599023225109873
607,587,0,1,3546,416,-6872348407871917027
608,593,0,1,3540,415,-6005248724260391162
609,572,0,1,3534,414,7547381047980127300
610,592,0,1,3518,413,4188708473248438722
611,584,0,1,3502,412,-2391647244107018756
612,566,1,1,3482,411,3517863416721304902
613,579,0,1,3478,410,5804867038403568444
614,583,0,1,3474,409,-4364179066172996462
615,583,0,1,3458,408,5454953987876791255
616,568,0,1,3454,407,-2730120080981888961
617,585,0,1,3450,406,1814898280016750712
618,598,0,1,3446,405,-6884290495266006984
619,577,0,1,3440,404,1612747177146847820
620,591,0,1,3424,403,-2439930727175328712
621,581,0,1,3418,402,-5724120010000861260
622,565,0,1,3412,401,-1442087984402334773
623,590,0,1,3412,400,-4674620529214887855
624,596,0,1,3396,399,-4453867901285861672
625,586,0,1,3380,398,725620982433314714
626,577,0,1,3376,397,-3561913219814042777
627,578,0,1,3370,396,-3563471008661453741
628,578,0,1,3354,395,8439104990632308358
629,572,1,1,3334,394,7509709933159508810
630,574,0,1,3330,393,7454024184016497858
631,576,0,1,3314,392,8805744782875185680
632,586,0,1,3298,391,-2371344202516295392
633,595,0,1,3294,390,6745810891689316119
634,582,0,1,3278,389,-5853095158490943256
635,580,0,1,3274,388,-4294285289903382461
636,569,0,1,3270,387,-4982528817805383926
637,571,0,1,3254,386,-6143925725585914177
638,593,0,1,3248,385,-2024053573777062576
639,587,0,1,3242,384,-4587691904494628769
640,586,0,1,3238,383,-2347419788187133858
641,602,0,1,3234,382,-3810987945182259048
642,567,0,1,3228,381,-1711888243516720806
643,572,0,1,3224,380,-366370009472795156
644,591,0,1,3220,379,-6104664406901188253
645,580,0,1,3214,378,4252949036633931442
646,576,1,1,3210,377,-5737833991203321189
647,587,0,1,3194,376,-4629673411407947048
648,602,0,1,3194,375,1073589971415894244
649,577,0,1,3190,374,4977885767027872518
650,583,0,1,3190,373,3212265974563223008
651,594,0,1,3186,372,3061824870060450647
652,566,0,1,3170,371,6257121107704961978
653,580,0,1,3154,370,3724496589831616001
654,603,0,1,3148,369,-1321435115121363869
655,592,0,1,3142,368,5058934599488777509
656,585,0,1,3126,367,6216233288677707285
657,572,0,1,3120,366,-3440345188487862262
658,587,0,1,3114,365,9052778627819145136
659,571,0,1,3108,364,-5854318859696689253
660,580,0,1,3102,363,-3570759936435146112
661,591,0,1,3086,362,733844480779069601
662,582,0,1,3082,361,-6625008550667484246
663,596,1,1,3072,360,3933883887544673857
664,578,0,1,3056,359,-7421975302142862426
665,590,0,1,3050,358,-8032454939468862772
666,576,0,1,3034,357,2370460564914317472
667,572,0,1,3030,356,-8081398247757543836
668,604,0,1,3014,355,7484993493628883869
669,576,0,1,2998,354,6948556064731852338
670,586,0,1,2994,353,3597728615736268970
671,588,0,1,2990,352,4095520479730979798
672,574,0,1,2974,351,-7034505524572697054
673,566,0,1,2968,350,3083173885675278093
674,571,0,1,2962,349,5167943227677208757
675,595,0,1,2958,348,610338974932134381
676,580,0,1,2952,347,-1053472146820327029
677,593,0,1,2946,346,-8111493425634214128
678,593,0,1,2930,345,1003846408159138495
679,569,0,1,2930,344,7860095093971975315
680,587,1,1,2924,343,-8985907485818137202
681,591,0,1,2920,342,6442335712497506547
682,575,0,1,2916,341,-7950699580233987095
683,590,0,1,2912,340,-4248112644805644028
684,592,0,1,2906,339,2005309591400064375
685,582,0,1,2900,338,-6026955475069863108
686,574,0,1,2884,337,-5538260461598661919
687,579,0,1,2868,336,-4547168826370864321
688,580,0,1,2864,335,5356131408462546118
689,572,0,1,2860,334,1592973371598308241
690,587,0,1,2844,333,-6595959617859990135
691,590,0,1,2840,332,-6891752699940156710
692,595,0,1,2824,331,7187357666593708927
693,582,0,1,2808,330,-886730324442998940
694,571,0,1,2792,329,3698119841933185479
695,590,0,1,2786,328,6732557832602121625
696,584,0,1,2786,327,7043133921945902678
697,581,1,1,2782,326,5846032323843836811
698,593,0,1,2778,325,1394993130834930347
699,586,0,1,2762,324,8175104850150795450
700,585,0,1,2756,323,1002574887048058496
701,598,0,1,2752,322,-7584365439189237453
702,583,0,1,2746,321,-1608663391587809669
703,574,0,1,2742,320,-1184474835725809190
704,575,0,1,2736,319,7085019204206001355
705,585,0,1,2730,318,-2899022003925557669
706,587,0,1,2714,317,-2230833414189503899
707,589,0,1,2698,316,2838400959663999634
708,600,0,1,2692,315,-297556111008220147
709,580,0,1,2686,314,9166890095150092484
710,596,0,1,2682,313,2210454049941659484
711,580,0,1,2676,312,1808390667385084769
712,571,0,1,2660,311,3154947550343580132
713,601,0,1,2644,310,-814939796013347198
714,586,1,1,2638,309,-5061251396376246774
715,587,0,1,2622,308,8087894251916093676
716,589,0,1,2606,307,-5341596925152116308
717,584,0,1,2600,306,6511974105533036448
718,589,0,1,2584,305,-4954674980993516015
719,580,0,1,2568,304,-2699066810782551620
720,587,0,1,2564,303,-5234738898365318592
721,584,0,1,2558,302,-1340470227978830348
722,605,0,1,2552,301,4607791400020330509
723,584,0,1,2548,300,6668709928274137197
724,587,0,1,2542,299,3282219679467031808
725,591,0,1,2536,298,646711116962543238
726,584,0,1,2532,297,888484219513176036
727,581,0,1,2516,296,8841533046615908710
728,591,0,1,2500,295,2601709297869233698
729,582,0,1,2484,294,8385069272409543706
730,582,0,1,2468,293,9180177571152455658
731,598,1,1,2464,292,3410919480071941596
732,578,0,1,2458,291,-1307150077251259591
733,578,0,1,2442,290,641976003002546714
734,593,0,1,2426,289,536657356910366688
735,589,0,1,2420,288,-589877664177378861
736,588,0,1,2414,287,8458923814335001144
737,590,0,1,2410,286,-7401490614633063600
738,595,0,1,2406,285,9181440129429570926
739,570,0,1,2400,284,-57364056741341381
740,593,0,1,2384,283,-544126262010564875
741,598,0,1,2368,282,3262033138182262125
742,579,0,1,2352,281,4997025554455136585
743,588,0,1,2348,280,5388231227237802446
744,584,0,1,2344,279,-3153554862316724809
745,588,0,1,2328,278,6992039194647748253
746,582,0,1,2312,277,3000402143055690249
747,567,0,1,2306,276,7091459950329148859
748,588,1,1,2290,275,-2227863138460919492
749,580,0,1,2286,274,1422364717979373240
750,582,0,1,2286,273,-2780342381006033333
751,578,0,1,2280,272,3593335224754692442
752,602,0,1,2276,271,-7149585850325530055
753,587,0,1,2270,270,-6840484297550933963
754,573,0,1,2264,269,2823710654873234224
755,588,0,1,2248,268,8305199564999881367
756,584,0,1,2244,267,8289424792209339147
757,586,0,1,2228,266,6425510243032274044
758,599,0,1,2212,265,3773241638174144117
759,583,0,1,2196,264,-4076710219775255694
760,583,0,1,2192,263,-8814648198587395511
761,591,0,1,2176,262,6985686443378000144
762,578,0,1,2160,261,4878151543444779993
763,566,0,1,2154,260,4143547955431360854
764,583,0,1,2150,259,3116561622972275002
765,595,1,1,2134,258,-8572796709342634368
766,592,0,1,2118,257,1002010277146415395
767,590,0,1,2114,256,-5000546208886534203
768,580,0,1,2098,255,-3955904349354099031
769,575,0,1,2094,254,555702946995489383
770,593,0,1,2088,253,-4098765661577208623
771,586,0,1,2084,252,-2286690997278486066
772,591,0,1,2080,251,-1939624487656596446
773,593,0,1,2076,250,6004260644359223444
774,578,0,1,2072,249,2677393441992688108
775,579,0,1,2066,248,5600754399040330028
776,584,0,1,2062,247,4600997526408065965
777,573,0,1,2058,246,-6915000814560998185
778,583,0,1,2054,245,3629239854635286018
779,600,0,1,2050,244,7859640232016410544
780,598,0,1,2034,243,1610805117580634559
781,578,0,1,2030,242,3503842035472655771
782,600,1,1,2024,241,-1928766394101686172
783,597,0,1,2024,240,-4723591710166882187
784,581,0,1,2008,239,-7973451926010143824
785,576,0,1,2004,238,8658890972552530529
786,585,0,1,1988,237,-1689524476305219154
787,582,0,1,1984,236,7055441572450644276
788,587,0,1,1978,235,-2983604925494662900
789,573,0,1,1962,234,1408768791806091364
790,578,0,1,1958,233,-18224708809604701
791,582,0,1,1942,232,8951545329941809961
792,575,0,1,1926,231,3980093770563930614
793,571,0,1,1922,230,5673018394842771705
794,594,0,1,1918,229,7944484365681998906
795,595,0,1,1912,228,-4926311408717511422
796,589,0,1,1912,227,-8497835802669830304
797,583,0,1,1896,226,-4360421256323678576
798,581,0,1,1890,225,-6102111523317881528
799,589,1,1,1858,224,-6365012859976406772
800,595,0,1,1852,223,-4279065492866418615
801,578,0,1,1848,222,-2914490171800398584
802,577,0,1,1832,221,1731825688746435547
803,591,0,1,1828,220,5411041242340352957
804,586,0,1,1822,219,5594381996518725181
805,571,0,1,1816,218,-7337482068047782161
806,576,0,1,1812,217,6200786422182502228
807,580,0,1,1796,216,8429003738412048291
808,591,0,1,1780,215,5417671936187846571
809,581,0,1,1776,214,8316015078332623704
810,586,0,1,1772,213,667802478373231630
811,589,0,1,1756,212,-5801034478019417677
812,587,0,1,1740,211,1307000258584660611
813,584,0,1,1736,210,-8337268098296823815
814,586,0,1,1736,209,-7471492384868484949
815,600,0,1,1720,208,-5723882652109390898
816,575,1,1,1714,207,-8177304574071510952
817,568,0,1,1708,206,-4598055659437196622
818,592,0,1,1704,205,-1452730471509866129
819,583,0,1,1700,204,7168494869322927226
820,597,0,1,1684,203,8099974911612845409
821,573,0,1,1668,202,795030762332310705
822,578,0,1,1652,201,-1416730512425461610
823,583,0,1,1648,200,4674079314275928683
824,582,0,1,1644,199,-7350503640230467162
825,593,0,1,1628,198,-6769316781468348547
826,587,0,1,1624,197,-3813674496467925888
827,599,0,1,1608,196,-774390507459353955
828,584,0,1,1592,195,9210987029798278484
829,584,0,1,1586,194,314480899739681307
830,593,0,1,1582,193,-9070234741224906843
831,588,0,1,1576,192,5644627621484869849
832,576,0,1,1572,191,6250765337958714765
833,570,1,1,1568,190,7871193095941772526
834,583,0,1,1564,189,5789075736775955668
835,589,0,1,1548,188,4302436427259972327
836,585,0,1,1542,187,-1031711815014488610
837,576,0,1,1526,186,-5044973117816722114
838,580,0,1,1520,185,-8831775577625954920
839,585,0,1,1516,184,-1648183543111140087
840,583,0,1,1510,183,-4069578993014610597
841,583,0,1,1504,182,1943163076302106608
842,599,0,1,1498,181,4177145408169901065
843,584,0,1,1482,180,3497024110004763783
844,579,0,1,1466,179,-2284915921218710810
845,590,0,1,1460,178,5125841150541288758
846,576,0,1,1454,177,-8659210738199454914
847,578,0,1,1438,176,-5633004479859771869
848,588,0,1,1422,175,-6620928221982108356
849,582,0,1,1416,174,8678118635152793723
850,589,1,1,1412,173,3584610736370621335
851,591,0,1,1406,172,2944585631575688714
852,586,0,1,1390,171,-4604637089322695083
853,580,0,1,1390,170,-8935201053416394492
854,586,0,1,1390,169,7368574989479337749
855,595,0,1,1386,168,1226499261845776782
856,599,0,1,1382,167,-4047510520234501532
857,584,0,1,1376,166,4654409909616979042
858,575,0,1,1370,165,-8377192099581649775
859,588,0,1,1364,164,8078580572079994808
860,597,0,1,1358,163,7315009793502909709
861,580,0,1,1354,162,8475122038556639958
862,585,0,1,1350,161,-6767170056323246782
863,590,0,1,1346,160,3594049266175084512
864,581,0,1,1340,159,7222640312965993901
865,577,0,1,1336,158,3370960596900974325
866,584,0,1,1330,157,5486450897097647793
867,591,1,1,1324,156,1433714702003945745
868,580,0,1,1308,155,377576788908485738
869,574,0,1,1304,154,-8172018123754738603
870,588,0,1,1298,153,5864497182501293516
871,591,0,1,1294,152,3198291076263210613
872,586,0,1,1294,151,-1334127803660976379
873,569,0,1,1278,150,-8542427550417507528
874,579,0,1,1262,149,-5734185348299790524
875,598,0,1,1258,148,3191413284595539574
876,574,0,1,1242,147,1042169552044340006
877,582,0,1,1226,146,-693217513879654572
878,590,0,1,1210,145,-8730036418607233729
879,575,0,1,1194,144,-3719654772966963071
880,591,0,1,1188,143,-4626896547547686522
881,573,0,1,1182,142,2897276409603489117
882,584,0,1,1178,141,7046285236952067185
883,580,0,1,1172,140,1348575533851020281
884,588,1,1,1166,139,-8166332700829892456
885,589,0,1,1150,138,-8902916075725275883
886,592,0,1,1134,137,98228493351727160
887,596,0,1,1128,136,-4339256925884538954
888,577,0,1,1124,135,8746771544298029909
889,583,0,1,1118,134,329418574029704660
890,598,0,1,1112,133,-1976212237318570418
891,589,0,1,1096,132,8923411341021401069
892,587,0,1,1090,131,444448360491657986
893,573,0,1,1086,130,2440489570127547090
894,572,0,1,1082,129,-7675633577083144786
895,584,0,1,1076,128,-7958689848674917064
896,586,0,1,1076,127,3596916233208798566
897,583,0,1,1060,126,2730262847280966257
898,581,0,1,1056,125,-1087056925163395325
899,588,0,1,1040,124,3985129884817173560
900,588,0,1,1034,123,-5098940866746734345
901,587,1,1,1030,122,-8704293838080239284
902,594,0,1,1014,121,-1023740562708139068
903,572,0,1,998,120,-3432134448280068
904,582,0,1,994,119,-5793289511969357981
905,593,0,1,990,118,-3701853364501495783
906,577,0,1,986,117,-2841470671370657821
907,575,0,1,980,116,-2256713868064300283
908,584,0,1,976,115,-5902785945724864958
909,577,0,1,960,114,-4138997798953749370
910,576,0,1,954,113,949287496423283924
911,595,0,1,938,112,-8459823616350096874
912,584,0,1,934,111,2818247673560699888
913,574,0,1,918,110,2989037385708273744
914,596,0,1,912,109,-7801145301743487562
915,589,0,1,908,108,-5848386720255034280
916,593,0,1,892,107,7698286412651929028
917,571,0,1,886,106,-8367064741328556225
918,581,1,1,882,105,-7745125869902169538
919,589,0,1,878,104,-6942190333698059101
920,591,0,1,874,103,4125249901666702384
921,577,0,1,868,102,-7751130022105755574
922,583,0,1,852,101,-4494690333429958566
923,600,0,1,836,100,4458477326926153095
924,570,0,1,836,99,-3721992333662537054
925,581,0,1,832,98,-3206742274575145729
926,600,0,1,828,97,-6980543559140780546
927,581,0,1,822,96,-1841175834959371803
928,572,0,1,816,95,-1116260963580958751
929,580,0,1,800,94,2570727782600493082
930,592,0,1,794,93,2248679800772497629
931,578,0,1,778,92,-8263764722354118806
932,585,0,1,774,91,1772860148021028877
933,583,0,1,770,90,-7901929538846009744
934,577,0,1,766,89,-8310944046899152571
935,591,1,1,762,88,-8963246379919397036
936,580,0,1,758,87,-2900058441532334516
937,581,0,1,754,86,4240338675166778042
938,591,0,1,748,85,6077661557671443927
939,581,0,1,732,84,-3409802811546575196
940,589,0,1,728,83,3388023490137189993
941,579,0,1,722,82,7444130008888763485
942,582,0,1,718,81,5312780178984243652
943,583,0,1,714,80,4550897871998371868
944,593,0,1,708,79,-7233994763049016766
945,584,0,1,692,78,8443535800392794202
946,586,0,1,676,77,7225028231240879558
947,589,0,1,660,76,4032153676515114123
948,578,0,1,644,75,3421148252145883695
949,580,0,1,640,74,8911653776656456867
950,594,0,1,634,73,-240793121156572674
951,589,0,1,628,72,1534855323949716185
952,588,1,1,622,71,-907467887350503194
953,582,0,1,616,70,5841523876849167230
954,581,0,1,612,69,3367171869125598405
955,578,0,1,606,68,-7187918667819101070
956,583,0,1,590,67,-2698729983052395461
957,579,0,1,584,66,-7029097753723289070
958,580,0,1,578,65,-2131322823894712198
959,592,0,1,572,64,-6750759766885061701
960,586,0,1,556,63,-142336142610240565
961,580,0,1,540,62,-6055464409381758399
962,584,0,1,524,61,1752813895190035228
963,577,0,1,508,60,-1616778300981676211
964,584,0,1,502,59,-1042049878258376348
965,595,0,1,496,58,2133417040180674404
966,583,0,1,490,57,2993490521303054893
967,582,0,1,486,56,457448285321218535
968,588,0,1,480,55,-4289255127965729217
969,593,1,1,480,54,-6160668246168734301
970,587,0,1,476,53,3193542333451536061
971,581,0,1,460,52,4773776219656388313
972,595,0,1,454,51,-7585856801306567926
973,576,0,1,438,50,6257069590761590362
974,587,0,1,422,49,-4434284692474589839
975,587,0,1,418,48,817879686511646165
976,588,0,1,402,47,4688715642394476476
977,579,0,1,398,46,3072412175442964718
978,574,0,1,392,45,-733194266093977117
979,593,0,1,376,44,-1173197590857404410
980,578,0,1,360,43,6791139131086929285
981,584,0,1,344,42,34764178136713550
982,585,0,1,338,41,6246448665273257412
983,589,0,1,322,40,-665004661107761516
984,585,0,1,316,39,130914626553813739
985,571,0,1,300,38,-6989527925874632001
986,597,1,1,290,37,6781480173038985819
987,578,0,1,284,36,-7395293012976329631
988,573,0,1,278,35,-1658204062371050868
989,582,0,1,274,34,2878565242509935014
990,585,0,1,258,33,8849029551202834432
991,583,0,1,252,32,-653716021543500025
992,579,0,1,236,31,-5290360923842780945
993,584,0,1,232,30,8621192071155411654
994,575,0,1,226,29,-6066275032221654662
995,596,0,1,220,28,-3353861564086684600
996,598,0,1,214,27,-5713259370813581903
997,584,0,1,210,26,-3629186353387234615
998,579,0,1,204,25,-310495467293794023
999,586,0,1,204,24,74112966274974636
1000,586,0,1,200,23,1893928041035531992
1001,580,0,1,196,22,5133943827568415514
1002,587,0,1,190,21,-2429304303250073623
1003,587,1,1,174,20,-1063592742189281772
1004,594,0,1,168,19,721157772983178341
1005,587,0,1,152,18,6136264321365378605
1006,588,0,1,148,17,6801276073782639516
1007,585,0,1,148,16,2368779625376574343
1008,583,0,1,142,15,3100836340427724815
1009,584,0,1,126,14,-870001428354090454
1010,590,0,1,120,13,-5238270661874100475
1011,596,0,1,104,12,-5258164191540963603
1012,584,0,1,100,11,-10362122223982889
1013,575,0,1,84,10,-2187097234495185092
1014,580,0,1,80,9,2777274501204764160
1015,585,0,1,64,8,5822833606070863597
1016,591,0,1,60,7,-6705877554427056502
1017,587,0,1,54,6,-3813088619393311791
1018,579,0,1,48,5,8114268616515510089
1019,588,0,1,44,4,6432454135513748358
1020,585,1,1,38,3,-4004213977826810662
1021,582,0,1,32,2,4343866125571654624
1022,590,0,1,16,1,-7617841369371288325
1023,578,0,1,0,0,-658910108153195013
1024,585,0,0,0,0,-7826284537976563336
1025,587,0,0,0,0,-3604542492089129289
1026,594,0,0,0,0,7088512247866753046
1027,588,0,0,0,0,8444957230948862264
1028,590,0,0,0,0,2959735717762067110
1029,584,0,0,0,0,-9106278575387901941
1030,585,0,0,0,0,-9190464296237895263
1031,598,0,0,0,0,1668570213691269465
1032,597,0,0,0,0,1642540240995991909
1033,579,0,0,0,0,-3957668931653939818
1034,592,0,0,0,0,304135038176664560
1035,592,0,0,0,0,-6673770766321930855
1036,586,0,0,0,0,1821920941163081378
1037,578,1,0,0,0,-5205138608993843827
1038,589,0,0,0,0,182605567897284109
1039,594,0,0,0,0,-6605718341630975769
1040,585,0,0,0,0,-5698046021358649865
1041,592,0,0,0,0,879911264835870640
1042,592,0,0,0,0,7411826188730060428
1043,583,0,0,0,0,-8425075070584163525
1044,584,0,0,0,0,-3836537821954112164
1045,586,0,0,0,0,-7772010017615941177
1046,600,0,0,0,0,7136673056024987623
1047,585,0,0,0,0,4941405701724608005
1048,578,0,0,0,0,-8639416162465277565
1049,590,0,0,0,0,-131727989139471899
1050,584,0,0,0,0,-5594897684179720706
1051,588,0,0,0,0,-9106885730432960696
1052,575,0,0,0,0,4036074999364102640
1053,575,0,0,0,0,5299646186348702533
1054,581,1,0,0,0,-5540363669068554994
1055,591,0,0,0,0,-3147355305328469780
1056,587,0,0,0,0,-608500688899341695
1057,580,0,0,0,0,3557098886864132298
1058,590,0,0,0,0,-961140281877676911
1059,584,0,0,0,0,4828967161923850058
1060,588,0,0,0,0,5217638975617327254
1061,582,0,0,0,0,-1162114153080444780
1062,588,0,0,0,0,-6771294456584395204
1063,589,0,0,0,0,-4993387242242897655
1064,589,0,0,0,0,-6562640797598135628
1065,587,0,0,0,0,-2136069407155790907
1066,587,0,0,0,0,148294735790326492
1067,584,0,0,0,0,-7009720575798228663
1068,582,0,0,0,0,-5471917826280449612
1069,587,0,0,0,0,3226099237812890606
1070,589,0,0,0,0,5022344015231500703
1071,587,1,0,0,0,3148318119615188334
1072,591,0,0,0,0,-5777743967952317944
1073,582,0,0,0,0,644657986575338902
1074,585,0,0,0,0,1030688076137612299
1075,586,0,0,0,0,-1286543065637924123
1076,592,0,0,0,0,7577713065128767066
1077,592,0,0,0,0,1410101800722131206
1078,577,0,0,0,0,-1770546512423773043
1079,588,0,0,0,0,8420134907281603147
1080,583,0,0,0,0,6527786494346855917
1081,579,0,0,0,0,-4818417769860990150
1082,576,0,0,0,0,8169900320940110707
1083,570,0,0,0,0,6777374297015954512
1084,587,0,0,0,0,6240417193954203923
1085,581,0,0,0,0,4903475189620275541
1086,590,0,0,0,0,510294142162221907
1087,592,0,0,0,0,1885732700643101497
1088,576,1,0,0,0,7123118558239543319
1089,582,0,0,0,0,-2908475779000668139
1090,584,0,0,0,0,-362156713892712980
1091,589,0,0,0,0,3340888703210407329
1092,583,0,0,0,0,8996193130914927077
1093,594,0,0,0,0,7275019682366748539
1094,593,0,0,0,0,-7113700495714633651
1095,579,0,0,0,0,3229400037679082180
1096,582,0,0,0,0,-5351615945954546064
1097,574,0,0,0,0,595898008617104345
1098,588,0,0,0,0,4662093949017592046
1099,585,0,0,0,0,-5143967100136990538
1100,584,0,0,0,0,5115581866913319627
1101,592,0,0,0,0,-6385930748558596767
1102,592,0,0,0,0,7057203605450784365
1103,581,0,0,0,0,6658558863489934693
1104,582,0,0,0,0,1170333453824960297
1105,595,1,0,0,0,-2047601012003049263
1106,594,0,0,0,0,4279241895315783252
1107,587,0,0,0,0,8349042357310445572
1108,581,0,0,0,0,-3146803505882698699
1109,589,0,0,0,0,-6633466929587157671
1110,578,0,0,0,0,-7948929251216430930
1111,586,0,0,0,0,-141544785329280279
1112,584,0,0,0,0,8328551886520514180
1113,569,0,0,0,0,-2241076856325678203
1114,586,0,0,0,0,4509118393222549649
1115,586,0,0,0,0,797937515423854795
1116,591,0,0,0,0,-8590837137809556192
1117,581,0,0,0,0,5118713250636161738
1118,584,0,0,0,0,198596194677496060
1119,594,0,0,0,0,-1856995121494766489
1120,587,0,0,0,0,4531650818187177003
1121,587,0,0,0,0,-734222554909185634
1122,589,1,0,0,0,-8295389710833134571
1123,589,0,0,0,0,-6557560692821347161
1124,593,0,0,0,0,-1137000643008107316
1125,578,0,0,0,0,-2509492395383218388
1126,595,0,0,0,0,-3965081467037513829
1127,577,0,0,0,0,-6256769137260750362
1128,583,0,0,0,0,-5307055207915636407
1129,590,0,0,0,0,-472178949736636346
1130,576,0,0,0,0,-4785976744405578165
1131,588,0,0,0,0,-1832923313602597716
1132,587,0,0,0,0,1859165846615541040
1133,583,0,0,0,0,6252576005703186235
1134,584,0,0,0,0,-4078012298605808043
1135,589,0,0,0,0,-2795351565990787862
1136,597,0,0,0,0,6668264467945204785
1137,585,0,0,0,0,4993816590160785397
1138,576,0,0,0,0,-1514890616441452806
1139,584,1,0,0,0,-832255033483564836
1140,585,0,0,0,0,2312120052362282422
1141,583,0,0,0,0,-8730397924480133885
1142,583,0,0,0,0,-174261807176232319
1143,573,0,0,0,0,-5310347457249201707
1144,589,0,0,0,0,-5547232223636837895
1145,581,0,0,0,0,2507107958666373835
1146,585,0,0,0,0,3705745321082634712
1147,588,0,0,0,0,8492411934156363917
1148,586,0,0,0,0,1124176617338632463
1149,592,0,0,0,0,-8962692006054442617
1150,587,0,0,0,0,-8624542017175415875
1151,592,0,0,0,0,5823939963902613253
1152,581,0,0,0,0,3435260607761537389
1153,582,0,0,0,0,-2950310807024854487
1154,591,0,0,0,0,-4439213775641867018
1155,573,0,0,0,0,1247696091595950975
1156,593,1,0,0,0,-5325952488047766182
1157,579,0,0,0,0,-7296126462394645762
1158,582,0,0,0,0,4031987841746827707
1159,579,0,0,0,0,3114446028674594196
1160,587,0,0,0,0,6769398959151481131
1161,589,0,0,0,0,-3129024524296281869
1162,575,0,0,0,0,1415286327724522118
1163,581,0,0,0,0,6273293263584608223
1164,586,0,0,0,0,237595036209764588
1165,588,0,0,0,0,1310708821573003391
1166,586,0,0,0,0,-3835878116651839601
1167,586,0,0,0,0,7879659793493096606
1168,588,0,0,0,0,176332340857166421
1169,587,0,0,0,0,-8232997368026270922
1170,580,0,0,0,0,-6969459018056181670
1171,584,0,0,0,0,-1051654074585816239
1172,588,0,0,0,0,316774844173716312
1173,569,1,0,0,0,-4141665820669963186
1174,585,0,0,0,0,-3608511998164174291
1175,596,0,0,0,0,8985298293325514528
1176,593,0,0,0,0,-1217495030346447135
1177,584,0,0,0,0,-5123767950135910540
1178,587,0,0,0,0,-1973463344848942009
1179,591,0,0,0,0,946175971321885533
1180,588,0,0,0,0,-3770958836835483883
1181,585,0,0,0,0,-6634169110775469242
1182,591,0,0,0,0,7233527482243641892
1183,588,0,0,0,0,3182342148633097498
1184,598,0,0,0,0,7671954839346021352
1185,578,0,0,0,0,7875797989025564844
1186,586,0,0,0,0,3755882061283906459
1187,583,0,0,0,0,2493881457689095202
1188,583,0,0,0,0,-3697769545462587141
1189,597,0,0,0,0,-3594899522735646992
1190,582,1,0,0,0,8254799781215608480
1191,587,0,0,0,0,-3046418080659603347
1192,590,0,0,0,0,-4861157447656103483
1193,586,0,0,0,0,2752259189837508394
1194,586,0,0,0,0,8476389173779440696
1195,580,0,0,0,0,-1176096347649869976
1196,606,0,0,0,0,815630449330323792
1197,579,0,0,0,0,7802103617406942012
1198,574,0,0,0,0,-7255229536578554994
1199,589,0,0,0,0,-6330068983972625022
1200,577,0,0,0,0,5701435376178581480
1201,583,0,0,0,0,1666965567420581820
1202,577,0,0,0,0,4658319384306520140
1203,579,0,0,0,0,2340303545574412760
1204,589,0,0,0,0,-8042586886928010578
1205,585,0,0,0,0,1774140629106307112
1206,591,0,0,0,0,1244453472543767417
1207,588,1,0,0,0,1654716983976471481
1208,589,0,0,0,0,4501469522283818145
1209,587,0,0,0,0,2767372164411475001
1210,588,0,0,0,0,-9187231858595044216
1211,588,0,0,0,0,-3651938374372806386
1212,587,0,0,0,0,-7910842717894771567
1213,586,0,0,0,0,-447719797945411589
1214,597,0,0,0,0,7595649842916862164
1215,577,0,0,0,0,5168203442755488089
1216,585,0,0,0,0,7278872634379260177
1217,586,0,0,0,0,-2183971814171999077
1218,580,0,0,0,0,-2093697449280840348
1219,593,0,0,0,0,-7235019667194012059
1220,588,0,0,0,0,-6287486649018845761
1221,588,0,0,0,0,816775464060779858
1222,587,0,0,0,0,-7610316593195308903
1223,592,0,0,0,0,-5492791282399104355
1224,594,1,0,0,0,719184210682577973
1225,582,0,0,0,0,8190256060463192038
1226,590,0,0,0,0,1273203778850327580
1227,587,0,0,0,0,7967485807224895974
1228,583,0,0,0,0,2935650535622398786
1229,583,0,0,0,0,-7751377741815158799
1230,579,0,0,0,0,-7983990390618797945
1231,592,0,0,0,0,2257514909217153226
1232,587,0,0,0,0,-8459259294531478119
1233,565,0,0,0,0,7475169507608751212
1234,579,0,0,0,0,7762259477639655788
1235,586,0,0,0,0,3186753062024707623
1236,589,0,0,0,0,-2499656968325423262
1237,589,0,0,0,0,-921328321573954727
1238,589,0,0,0,0,5033233879825470872
1239,583,0,0,0,0,2230082639509843950
1240,581,0,0,0,0,-4539814291720688141
1241,578,1,0,0,0,450164085877081340
1242,584,0,0,0,0,2645616701935922787
1243,588,0,0,0,0,1782663962362675785
1244,593,0,0,0,0,-8164572139847702287
1245,583,0,0,0,0,8935797952000126779
1246,585,0,0,0,0,390511960420166628
1247,581,0,0,0,0,-837954080205089475
1248,587,0,0,0,0,5973307247411335225
1249,585,0,0,0,0,1781290158501599040
1250,585,0,0,0,0,-8684373990956413927
1251,588,0,0,0,0,-7977075427385259949
1252,599,0,0,0,0,3852260544501042119
1253,583,0,0,0,0,7236551279865455703
1254,585,0,0,0,0,2666199722709833740
1255,586,0,0,0,0,-5477124575483484629
1256,589,0,0,0,0,-3762098910041960715
1257,586,0,0,0,0,-2815910688737427014
1258,587,1,0,0,0,410187012886106605
1259,607,0,0,0,0,7046618097205781796
1260,572,0,0,0,0,-6955368740651936888
1261,568,0,0,0,0,3407199415821765985
1262,581,0,0,0,0,5926743453126879312
1263,573,0,0,0,0,295914997020701143
1264,587,0,0,0,0,8745983891972299764
1265,584,0,0,0,0,-3876993585797823678
1266,597,0,0,0,0,-7065847221563127797
1267,581,0,0,0,0,-7976315389700847282
1268,591,0,0,0,0,-5734102268809725342
1269,581,0,0,0,0,8716881692836650660
1270,571,0,0,0,0,-5731723466568476103
1271,582,0,0,0,0,-8619275042927570908
1272,588,0,0,0,0,2284974325257435926
1273,595,0,0,0,0,8329595601544517339
1274,593,0,0,0,0,2884570322161092892
1275,583,1,0,0,0,1110334181183578734
1276,580,0,0,0,0,8695178829261504880
1277,574,0,0,0,0,786131019288180959
1278,581,0,0,0,0,-6980604916577929893
1279,591,0,0,0,0,8638227753185461956
1280,596,0,0,0,0,-4760826957825908708
1281,583,0,0,0,0,5432035821862717545
1282,587,0,0,0,0,-3640069957769844060
1283,583,0,0,0,0,2348084141382633022
1284,592,0,0,0,0,-4812408372156858369
1285,582,0,0,0,0,4263194020630307317
1286,592,0,0,0,0,-979345917460015372
1287,592,0,0,0,0,1737270487574973439
1288,591,0,0,0,0,-6424957232957849785
1289,597,0,0,0,0,-1341802071702155172
1290,573,0,0,0,0,4469995933695034833
1291,573,0,0,0,0,7653022431273088195
1292,586,1,0,0,0,5381577217949238119
1293,579,0,0,0,0,-2266577050400455880
1294,594,0,0,0,0,5371484424325999523
1295,591,0,0,0,0,3068320477662156082
1296,592,0,0,0,0,6123073228290043896
1297,578,0,0,0,0,4692948760469195567
1298,585,0,0,0,0,-4433754199323477459
1299,587,0,0,0,0,1121107939376034202
1300,585,0,0,0,0,-9081109820772640943
1301,596,0,0,0,0,-7416097700448966728
1302,587,0,0,0,0,-4183773695075194101
1303,582,0,0,0,0,-239882403573683153
1304,594,0,0,0,0,5670435434449812000
1305,579,0,0,0,0,-8708636886532421617
1306,575,0,0,0,0,-6770717614544887312
1307,587,0,0,0,0,1544902892703451407
1308,598,0,0,0,0,1135804204930406669
1309,588,1,0,0,0,-815004975800761206
1310,583,0,0,0,0,-5138327446786272313
1311,584,0,0,0,0,-3252050858875064186
1312,583,0,0,0,0,-8970816139741734437
1313,571,0,0,0,0,1568866811134911861
1314,587,0,0,0,0,-6419953298761727586
1315,587,0,0,0,0,-9207813838354050623
1316,588,0,0,0,0,1995094094530763717
1317,578,0,0,0,0,2426482653545564857
1318,584,0,0,0,0,7587467106291881039
1319,602,0,0,0,0,6795925940641275761
1320,571,0,0,0,0,-3445206088516548204
1321,571,0,0,0,0,-7779880428480101654
1322,591,0,0,0,0,-3818481468140539644
1323,577,0,0,0,0,8075769105274921494
1324,591,0,0,0,0,-8574143089238106785
1325,590,0,0,0,0,7741423264816420932
1326,585,1,0,0,0,-6765582873701378278
1327,575,0,0,0,0,3329830638644001677
1328,582,0,0,0,0,3893190242062376480
1329,593,0,0,0,0,-2753476509311562980
1330,584,0,0,0,0,7181621590705858318
1331,589,0,0,0,0,4348878264481778692
1332,586,0,0,0,0,-3775027746709926290
1333,582,0,0,0,0,-1350965239631724168
1334,587,0,0,0,0,-2266643792234517509
1335,579,0,0,0,0,8997898173369413019
1336,583,0,0,0,0,-1794456396750631914
1337,588,0,0,0,0,8419474627029174121
1338,587,0,0,0,0,5632727471654963279
1339,585,0,0,0,0,5716048838246721865
1340,581,0,0,0,0,-2414019863791525241
1341,582,0,0,0,0,8642241111630849177
1342,584,0,0,0,0,-3619245156250970933
1343,586,1,0,0,0,-1146684829831508564
1344,595,0,0,0,0,-8671720677901823613
1345,590,0,0,0,0,-6758329823707422988
1346,581,0,0,0,0,-221358928089116024
1347,581,0,0,0,0,3444549764922497567
1348,589,0,0,0,0,8701305587196157417
1349,591,0,0,0,0,6752387612234741100
1350,574,0,0,0,0,-4804644708333430190
1351,582,0,0,0,0,-5783355019503639802
1352,599,0,0,0,0,-3350890790164786514
1353,577,0,0,0,0,8924645177498672029
1354,586,0,0,0,0,-7987767761760374472
1355,584,0,0,0,0,-3888326283851346708
1356,584,0,0,0,0,-4843249635025660367
1357,582,0,0,0,0,-2534460296621317714
1358,596,0,0,0,0,7060005802233723176
1359,601,0,0,0,0,8911547665152393223
1360,585,1,0,0,0,5394006464855309006
1361,584,0,0,0,0,-2354835828813916581
1362,579,0,0,0,0,-8575729933375357026
1363,580,0,0,0,0,-7610661750230845011
1364,597,0,0,0,0,-3605132613186420092
1365,592,0,0,0,0,-8132750414498590294
1366,589,0,0,0,0,-8457036176671415558
1367,590,0,0,0,0,7812288875847984735
1368,587,0,0,0,0,5980752428665324829
1369,586,0,0,0,0,1194627575155363272
1370,579,0,0,0,0,-4753313601472065295
1371,580,0,0,0,0,4219844063397336052
1372,596,0,0,0,0,1379344549294186488
1373,591,0,0,0,0,-3983598688644330598
1374,591,0,0,0,0,-2716213167177357073
1375,580,0,0,0,0,-7848485482402171387
1376,579,0,0,0,0,-1627616703182162441
1377,580,1,0,0,0,2210857613441155252
1378,578,0,0,0,0,2096736024076518618
1379,598,0,0,0,0,-8131367291996742170
1380,583,0,0,0,0,-6884523693074639485
1381,585,0,0,0,0,6017971897063146488
1382,588,0,0,0,0,7649430571699544236
1383,570,0,0,0,0,-6910360946612386681
1384,583,0,0,0,0,-306765149937677984
1385,585,0,0,0,0,-6819748001058128914
1386,590,0,0,0,0,3178160761128342756
1387,591,0,0,0,0,4134609976692012875
1388,592,0,0,0,0,2938496204507118475
1389,587,0,0,0,0,5509700390435152188
1390,571,0,0,0,0,-4930928186157129742
1391,582,0,0,0,0,1370585044676427722
1392,588,0,0,0,0,-1769975680405863624
1393,587,0,0,0,0,-1832387191764800473
1394,597,1,0,0,0,8770014720372631104
1395,591,0,0,0,0,7035034318058373702
1396,589,0,0,0,0,-7408727692610043936
1397,581,0,0,0,0,-8777037978760034407
1398,581,0,0,0,0,2509507558752196696
1399,585,0,0,0,0,6257845986438731107
1400,587,0,0,0,0,4840776497300315484
1401,597,0,0,0,0,3573916491620402103
1402,594,0,0,0,0,7272511271598511963
1403,581,0,0,0,0,-4371247853995685329
1404,584,0,0,0,0,-5456308952236950244
1405,584,0,0,0,0,4934380748019698108
1406,584,0,0,0,0,-5221767613794017629
1407,586,0,0,0,0,354628436859721382
1408,597,0,0,0,0,4231560620862731955
1409,600,0,0,0,0,-1934876348134859113
1410,575,0,0,0,0,-5890837858714564827
1411,571,1,0,0,0,44066578484855240
1412,588,0,0,0,0,3191566770597428582
1413,574,0,0,0,0,7521642977907486721
1414,585,0,0,0,0,2620463236958311937
1415,592,0,0,0,0,-1907833258346580045
1416,597,0,0,0,0,5550921901727591308
1417,579,0,0,0,0,2498634590248658835
1418,573,0,0,0,0,-3015047636207240848
1419,582,0,0,0,0,-321619944964404586
1420,581,0,0,0,0,-8524551041490642002
1421,585,0,0,0,0,2473301719228325262
1422,591,0,0,0,0,8755659966144814030
1423,587,0,0,0,0,-737772710648604997
1424,581,0,0,0,0,3202604459610365570
1425,576,0,0,0,0,-1072344920555270035
1426,578,0,0,0,0,-6823832353236266794
1427,582,0,0,0,0,224985371705383257
1428,589,1,0,0,0,8137671432458214651
1429,588,0,0,0,0,-3884185015576680593
1430,582,0,0,0,0,647058418532060497
1431,583,0,0,0,0,2153045119375739987
1432,591,0,0,0,0,5318993661327467574
1433,574,0,0,0,0,-8556905749969614870
1434,584,0,0,0,0,-42841224123290905
1435,594,0,0,0,0,-3092795091331142050
1436,591,0,0,0,0,8647391649757606827
1437,586,0,0,0,0,8037330870555155714
1438,586,0,0,0,0,-5114248215859784105
1439,591,0,0,0,0,-5822288068691924180
1440,583,0,0,0,0,-2509432771833120395
1441,575,0,0,0,0,-1307413521536939825
1442,585,0,0,0,0,129481338135343353
1443,576,0,0,0,0,3130351233907941986
1444,584,0,0,0,0,-2954770674058888014
1445,584,1,0,0,0,-3646791124178401587
1446,588,0,0,0,0,-1354243584797389696
1447,578,0,0,0,0,1592219387976545489
1448,586,0,0,0,0,3371341124832531814
1449,591,0,0,0,0,-8714852792342037950
1450,583,0,0,0,0,-5189893422058627009
1451,581,0,0,0,0,-8035174687285089639
1452,596,0,0,0,0,2733095271657832653
1453,587,0,0,0,0,8765175187911708462
1454,582,0,0,0,0,-5783030534460406422
1455,589,0,0,0,0,-5661882223722152191
1456,590,0,0,0,0,7690573797316987599
1457,584,0,0,0,0,5692750430344537044
1458,587,0,0,0,0,4194906302108896791
1459,589,0,0,0,0,1054705778982299335
1460,582,0,0,0,0,-3805650080801038806
1461,580,0,0,0,0,-5968150734370233939
1462,593,1,0,0,0,-8073207099044683992
1463,579,0,0,0,0,3764880961371423047
1464,591,0,0,0,0,4898024098741581975
1465,587,0,0,0,0,-4928934956503102493
1466,591,0,0,0,0,-3057104225505731004
1467,588,0,0,0,0,-6800363853487982736
1468,585,0,0,0,0,-7672196821583325618
1469,592,0,0,0,0,3030745863575897389
1470,580,0,0,0,0,-6146195943305215923
1471,579,0,0,0,0,-6776892642402467614
1472,590,0,0,0,0,-872029135605456898
1473,580,0,0,0,0,-7015559581519112977
1474,581,0,0,0,0,3568814794025139789
1475,586,0,0,0,0,8277769354311635124
1476,593,0,0,0,0,8094444704873725140
1477,584,0,0,0,0,5052766795305684378
1478,586,0,0,0,0,1947788711776201590
1479,589,1,0,0,0,5543210904932822701
1480,589,0,0,0,0,-5930619963150780550
1481,584,0,0,0,0,-8892897491629806508
1482,593,0,0,0,0,5878003178593924126
1483,582,0,0,0,0,-8191291355115278745
1484,591,0,0,0,0,-834427501235628843
1485,588,0,0,0,0,-5667031378718205972
1486,580,0,0,0,0,1046615564798694411
1487,584,0,0,0,0,-8831307381146863280
1488,586,0,0,0,0,-1376946161978381851
1489,591,0,0,0,0,-4731907072847738124
1490,582,0,0,0,0,3736109980791301890
1491,583,0,0,0,0,5494037875256700396
1492,597,0,0,0,0,-8537779913491910375
1493,574,0,0,0,0,-5079706231960892310
1494,583,0,0,0,0,950541050062550903
1495,586,0,0,0,0,-8441941471564334158
1496,598,1,0,0,0,1211450173822133936
1497,588,0,0,0,0,-3606364034316911269
1498,582,0,0,0,0,8368987757175486873
1499,596,0,0,0,0,-7556256251225071392
1500,586,0,0,0,0,-4800277600089389271
1501,576,0,0,0,0,-9201310437154036691
1502,595,0,0,0,0,-446640327254891774
1503,583,0,0,0,0,4527410137751167080
1504,587,0,0,0,0,6099166817262209225
1505,587,0,0,0,0,-5962035889481879630
1506,590,0,0,0,0,-7430818769968360010
1507,581,0,0,0,0,8158384783296427986
1508,586,0,0,0,0,-5123012758206666546
1509,589,0,0,0,0,-2461224786597639924
1510,590,0,0,0,0,5301169077345468876
1511,594,0,0,0,0,-4275074255470469734
1512,594,0,0,0,0,5083661576236938251
1513,585,1,0,0,0,8591534432841825668
1514,587,0,0,0,0,677790989650297795
1515,583,0,0,0,0,3994260195900188246
1516,594,0,0,0,0,924975297350325350
1517,584,0,0,0,0,8884380407783436792
1518,586,0,0,0,0,-5206367571615524708
1519,583,0,0,0,0,-1697089234689153641
1520,588,0,0,0,0,-6559803818330731619
1521,576,0,0,0,0,-3172814401145202545
1522,584,0,0,0,0,-6588105966021670774
1523,581,0,0,0,0,-2245997123350462693
1524,584,0,0,0,0,1413474629726799301
1525,595,0,0,0,0,-4819065635101659493
1526,587,0,0,0,0,4662939593879697828
1527,593,0,0,0,0,-6904754188456841366
1528,586,0,0,0,0,-2653268502212468177
1529,585,0,0,0,0,1071442733889692160
1530,591,1,0,0,0,7395541198085930572
1531,576,0,0,0,0,2597043289939033241
1532,596,0,0,0,0,2136332713676826209
1533,584,0,0,0,0,-4027628354769115342
1534,591,0,0,0,0,-4262883546289963402
1535,578,0,0,0,0,1807698730370315882
1536,587,0,0,0,0,2202885161433635663
1537,588,0,0,0,0,230674963823460170
1538,588,0,0,0,0,7247556696797468472
1539,594,0,0,0,0,-7085421307880895486
1540,596,0,0,0,0,7310861724746713403
1541,586,0,0,0,0,6190988206374257100
1542,591,0,0,0,0,8605882397141731866
1543,581,0,0,0,0,4839527546108979572
1544,588,0,0,0,0,-3471706346450484971
1545,592,0,0,0,0,9097487723891094632
1546,590,0,0,0,0,-5103387527186013992
1547,593,1,0,0,0,-4667873407863088705
1548,588,0,0,0,0,-2981937454130925320
1549,583,0,0,0,0,-8728013935851374851
1550,583,0,0,0,0,4752058884504785644
1551,575,0,0,0,0,-6902196911556813502
1552,594,0,0,0,0,-2052902862762482388
1553,587,0,0,0,0,-5956625450573994153
1554,589,0,0,0,0,-7020377119388523309
1555,582,0,0,0,0,6313631583138767991
1556,586,0,0,0,0,4062692514435126066
1557,596,0,0,0,0,3166815370115916560
1558,578,0,0,0,0,2526089112224816690
1559,584,0,0,0,0,2786304129979157531
1560,597,0,0,0,0,6327056007605407675
1561,585,0,0,0,0,4700676927163178023
1562,591,0,0,0,0,-7484915176785118168
1563,575,0,0,0,0,4656240254655729540
1564,586,1,0,0,0,5374881890975640309
1565,580,0,0,0,0,5630407876643960326
1566,591,0,0,0,0,-6110220043335164928
1567,586,0,0,0,0,-9124172818219323685
1568,592,0,0,0,0,4632684167723596448
1569,594,0,0,0,0,-8108075429248815820
1570,586,0,0,0,0,494719560111069743
1571,579,0,0,0,0,-2932438914475050741
1572,598,0,0,0,0,8015286979526324940
1573,588,0,0,0,0,4020601668818869936
1574,591,0,0,0,0,-7711634739968212698
1575,592,0,0,0,0,-1194211771440125127
1576,593,0,0,0,0,-4040682981894663428
1577,587,0,0,0,0,7743493257865903652
1578,580,0,0,0,0,-8459348747349056082
1579,582,0,0,0,0,-7349907432627641975
1580,588,0,0,0,0,3026574480934613491
1581,582,1,0,0,0,-6942812920099140681
1582,597,0,0,0,0,2468067944760196808
1583,586,0,0,0,0,1607346730671656874
1584,579,0,0,0,0,-1329330146540554386
1585,583,0,0,0,0,-8709311715245506136
1586,587,0,0,0,0,-73281205023501962
1587,594,0,0,0,0,-8731007488418179074
1588,588,0,0,0,0,9153307585112960489
1589,591,0,0,0,0,4567520934419694997
1590,595,0,0,0,0,2054891465247479185
1591,568,0,0,0,0,589383610931568680
1592,590,0,0,0,0,2569732375504223492
1593,578,0,0,0,0,-331258655194403471
1594,583,0,0,0,0,5125610449144484503
1595,582,0,0,0,0,1805882002816520160
1596,593,0,0,0,0,3224698305139128537
1597,593,0,0,0,0,-6874664537416575830
1598,581,1,0,0,0,-7721350353255510419
1599,584,0,0,0,0,-298482469291086709
1600,590,0,0,0,0,6037766878723100037
1601,582,0,0,0,0,5289480311512303456
1602,600,0,0,0,0,-6058217053992760857
1603,588,0,0,0,0,-879917947912740941
1604,592,0,0,0,0,7307282069298370282
1605,584,0,0,0,0,1376188227841310147
1606,586,0,0,0,0,7077741249444307605
1607,587,0,0,0,0,-3675766260754242097
1608,585,0,0,0,0,-2957223265986969063
1609,589,0,0,0,0,3460296236157606255
1610,594,0,0,0,0,-5028905467429768952
1611,579,0,0,0,0,-5770120221454034157
1612,591,0,0,0,0,617825199082047033
1613,581,0,0,0,0,-6206895269554179721
1614,581,0,0,0,0,8850463584712997256
1615,583,1,0,0,0,1986004274262560621
1616,590,0,0,0,0,-4526951634081621220
1617,603,0,0,0,0,-8432055568518448927
1618,589,0,0,0,0,5959599173076376446
1619,584,0,0,0,0,4508864385890501566
1620,586,0,0,0,0,-6165079401583262517
1621,576,0,0,0,0,-2013665959602528788
1622,593,0,0,0,0,7745834948130530340
1623,578,0,0,0,0,1393322272613183249
1624,591,0,0,0,0,-5340194932411380590
1625,586,0,0,0,0,1725048005327123075
1626,588,0,0,0,0,-6966113736987054635
1627,577,0,0,0,0,-3869806236308558507
1628,585,0,0,0,0,8985503577888126709
1629,590,0,0,0,0,-6497880255060013340
1630,588,0,0,0,0,6376524714316817827
1631,584,0,0,0,0,4102607663031150182
1632,599,1,0,0,0,-3851827319199835422
1633,589,0,0,0,0,-8059589085220276229
1634,583,0,0,0,0,-6938404050153505159
1635,583,0,0,0,0,-4084283669243166166
1636,589,0,0,0,0,-552922588811506664
1637,590,0,0,0,0,-1281965466351069786
1638,590,0,0,0,0,-5826450735647827645
1639,586,0,0,0,0,7844304490185259098
1640,587,0,0,0,0,-7740188218885272788
1641,574,0,0,0,0,8940491097498705011
1642,592,0,0,0,0,3312582187080801960
1643,582,0,0,0,0,-25377988993235555
1644,586,0,0,0,0,-1160704098666603932
1645,590,0,0,0,0,-4981549026564154480
1646,593,0,0,0,0,-5766935039857785906
1647,594,0,0,0,0,-392534129846370720
1648,584,0,0,0,0,477461306152806493
1649,586,1,0,0,0,-6094306935586716930
1650,589,0,0,0,0,8212639575430326689
1651,576,0,0,0,0,6929740778298397530
1652,593,0,0,0,0,3485433380048437343
1653,583,0,0,0,0,-1378297274929098297
1654,586,0,0,0,0,610059847682732122
1655,579,0,0,0,0,8852034973876868173
1656,583,0,0,0,0,-6253485156222319427
1657,584,0,0,0,0,5201578080439003573
1658,584,0,0,0,0,-1566086557989786551
1659,589,0,0,0,0,-1652423160027221436
1660,588,0,0,0,0,-1431595408164193690
1661,578,0,0,0,0,3238370717694779117
1662,592,0,0,0,0,70539141301479255
1663,579,0,0,0,0,897784016641355114
1664,588,0,0,0,0,-2345076991484067412
1665,587,0,0,0,0,-5768512879490090779
1666,584,1,0,0,0,-3198006129199259473
1667,591,0,0,0,0,8448738690652050245
1668,583,0,0,0,0,7397178036896682563
1669,586,0,0,0,0,-961087187894672737
1670,579,0,0,0,0,4393638255497670439
1671,576,0,0,0,0,-5329487367581985656
1672,594,0,0,0,0,-8303588214851189609
1673,581,0,0,0,0,-7702283088674430196
1674,585,0,0,0,0,-3419179024720657323
1675,581,0,0,0,0,7909082625654779377
1676,588,0,0,0,0,-7659328262130022136
1677,595,0,0,0,0,-5053727236302255579
1678,586,0,0,0,0,881585062431852139
1679,589,0,0,0,0,-5383698226704314052
1680,592,0,0,0,0,-4739786318345763592
1681,582,0,0,0,0,3460847462710873352
1682,590,0,0,0,0,967287178531895801
1683,577,1,0,0,0,-8614061570582523347
1684,592,0,0,0,0,-4163131367885315811
1685,583,0,0,0,0,-8092030934167179140
1686,586,0,0,0,0,1076579142351530572
1687,582,0,0,0,0,3806048146990639113
1688,588,0,0,0,0,-2268289690755983873
1689,594,0,0,0,0,956991004542883232
1690,585,0,0,0,0,-3373958554174518033
1691,581,0,0,0,0,-5206882069791099458
1692,591,0,0,0,0,-5430841574944898203
1693,591,0,0,0,0,-3387241831769712641
1694,591,0,0,0,0,-5956195790483864429
1695,583,0,0,0,0,5821686042824675707
1696,583,0,0,0,0,5342740132411935246
1697,587,0,0,0,0,-782629691520158334
1698,583,0,0,0,0,4032674250618273243
1699,581,0,0,0,0,6137062929787495759
1700,587,1,0,0,0,6301431950012918235
1701,579,0,0,0,0,6306756636901085139
1702,586,0,0,0,0,849439019418483581
1703,577,0,0,0,0,-7242283360513865102
1704,582,0,0,0,0,-1592161472278251196
1705,587,0,0,0,0,7951626132429714407
1706,584,0,0,0,0,2303990279493068658
1707,596,0,0,0,0,-169093418654370928
1708,590,0,0,0,0,3141589514282932879
1709,585,0,0,0,0,-3583132190637425084
1710,590,0,0,0,0,-6455536295893933873
1711,577,0,0,0,0,9090506247793960103
1712,591,0,0,0,0,5449140843428324813
1713,577,0,0,0,0,-5788044563614287307
1714,595,0,0,0,0,-5120635384940481630
1715,582,0,0,0,0,8682924290095390958
1716,587,0,0,0,0,-8742270223924189947
1717,580,1,0,0,0,-7703065227490841891
1718,583,0,0,0,0,-3028073804200207113
1719,591,0,0,0,0,533400707515957550
1720,592,0,0,0,0,5605668843762523404
1721,582,0,0,0,0,-4293707167723847221
1722,594,0,0,0,0,6363285026023425128
1723,588,0,0,0,0,7974838191575952031
1724,585,0,0,0,0,-1803782530149672483
1725,584,0,0,0,0,-5674341467184504772
1726,588,0,0,0,0,-1145513220877618250
1727,590,0,0,0,0,6578569729401185086
1728,585,0,0,0,0,6842933162909212981
1729,588,0,0,0,0,-7673350312529559946
1730,589,0,0,0,0,-4457251600625345476
1731,572,0,0,0,0,2767942586157810328
1732,591,0,0,0,0,3087289972271712289
1733,578,0,0,0,0,-8822348343125195652
1734,583,1,0,0,0,1173474740468675188
1735,582,0,0,0,0,6318676488194910440
1736,588,0,0,0,0,-5555137806740021968
1737,594,0,0,0,0,-1968179791508779691
1738,582,0,0,0,0,-4485300897699232157
1739,584,0,0,0,0,-2396839215724148916
1740,586,0,0,0,0,4111263226195626974
1741,584,0,0,0,0,8110938301541121929
1742,590,0,0,0,0,-2125232512474490878
1743,576,0,0,0,0,8948178564566261001
1744,594,0,0,0,0,439054480030956679
1745,576,0,0,0,0,847377212798962399
1746,586,0,0,0,0,7919158091491338921
1747,576,0,0,0,0,-8394076150879423734
1748,587,0,0,0,0,-229175154489459570
1749,589,0,0,0,0,-3964375643612252637
1750,588,0,0,0,0,-152118299252392
1751,580,1,0,0,0,1710741162970474763
1752,590,0,0,0,0,-5376426308222985164
1753,586,0,0,0,0,-541600475209033254
1754,585,0,0,0,0,6151192376148702118
1755,585,0,0,0,0,7526233854810221511
1756,592,0,0,0,0,5084943236190979111
1757,591,0,0,0,0,1591941058974279472
1758,587,0,0,0,0,2159926067181509019
1759,578,0,0,0,0,3135368158363149515
1760,579,0,0,0,0,7643148879183411536
1761,576,0,0,0,0,2035095554594590639
1762,588,0,0,0,0,-3818813466091360262
1763,584,0,0,0,0,3419543938619035849
1764,583,0,0,0,0,4324899144386704338
1765,590,0,0,0,0,72086144006209567
1766,584,0,0,0,0,4751778989389242768
1767,588,0,0,0,0,-7897619573593871557
1768,588,1,0,0,0,-3855282505940434268
1769,582,0,0,0,0,-5712161030173065192
1770,594,0,0,0,0,8955641056583953238
1771,578,0,0,0,0,4356710649366559713
1772,589,0,0,0,0,8459471749507321165
1773,571,0,0,0,0,-1691284970359969123
1774,578,0,0,0,0,-4726433608283387392
1775,583,0,0,0,0,2336066574044338978
1776,589,0,0,0,0,2496892661436789886
1777,589,0,0,0,0,-153590754047742093
1778,582,0,0,0,0,6933010318717836959
1779,597,0,0,0,0,-8913615911192639568
1780,592,0,0,0,0,4889569841184104508
1781,572,0,0,0,0,-5348559289024403797
1782,594,0,0,0,0,7992934035523293488
1783,589,0,0,0,0,6598740767072640149
1784,587,0,0,0,0,-2387866308341489262
1785,583,1,0,0,0,638329419852858891
1786,590,0,0,0,0,4426109763548108046
1787,585,0,0,0,0,-659959367478201640
1788,581,0,0,0,0,4144010825197933288
1789,586,0,0,0,0,7862083362157624866
1790,588,0,0,0,0,509915271891663725
1791,582,0,0,0,0,-5207190252231320098
1792,597,0,0,0,0,-8293601925463549936
1793,580,0,0,0,0,-7845813922575728138
1794,577,0,0,0,0,-3577552864941429991
1795,587,0,0,0,0,3505571660588070883
1796,587,0,0,0,0,7550689309741452350
1797,594,0,0,0,0,4698795867463264617
1798,585,0,0,0,0,-5994342615143615872
1799,586,0,0,0,0,5669983810102604667
1800,584,0,0,0,0,7376719941481282011
1801,575,0,0,0,0,8678508760241693038
1802,587,1,0,0,0,-7988188858615944259
1803,576,0,0,0,0,-4821318144122210280
1804,584,0,0,0,0,7907512263371812741
1805,580,0,0,0,0,-3112671331428757637
1806,589,0,0,0,0,4882831447190308893
1807,584,0,0,0,0,-8515397960707101259
1808,581,0,0,0,0,8040069595631830633
1809,582,0,0,0,0,-5106517574901086024
1810,593,0,0,0,0,-4152547996875330028
1811,576,0,0,0,0,82575390794951608
1812,593,0,0,0,0,7733292579976200556
1813,590,0,0,0,0,-9047986918753951942
1814,580,0,0,0,0,4216421974972145028
1815,583,0,0,0,0,-8327806617052675895
1816,586,0,0,0,0,-8330727784553627491
1817,578,0,0,0,0,-5015143871757460143
1818,583,0,0,0,0,-4325139435378611064
1819,592,1,0,0,0,437770099532980850
1820,594,0,0,0,0,-6638198008322183450
1821,579,0,0,0,0,5005725046091014846
1822,589,0,0,0,0,7423014695668383394
1823,588,0,0,0,0,-2675344399822902366
1824,583,0,0,0,0,-9194910431421261147
1825,592,0,0,0,0,9015176921975096951
1826,591,0,0,0,0,8925946026567905441
1827,588,0,0,0,0,-1319468877867079522
1828,592,0,0,0,0,3564482458791339294
1829,579,0,0,0,0,4422310192784793229
1830,580,0,0,0,0,5802955413961375647
1831,580,0,0,0,0,1099851657517739447
1832,588,0,0,0,0,-3745776504690065203
1833,583,0,0,0,0,8103366556081370971
1834,589,0,0,0,0,-1201900553086156869
1835,588,0,0,0,0,-9196470967873822860
1836,580,1,0,0,0,4539878517565715882
1837,583,0,0,0,0,5015803051049079873
1838,585,0,0,0,0,-4990378776072142882
1839,589,0,0,0,0,770149203075225578
1840,591,0,0,0,0,6989169080975385308
1841,579,0,0,0,0,2006815842822391255
1842,590,0,0,0,0,6501821206679310547
1843,580,0,0,0,0,-6953882001638299260
1844,583,0,0,0,0,7570429222570248219
1845,586,0,0,0,0,-4872810451291220229
1846,586,0,0,0,0,5394771704747354083
1847,581,0,0,0,0,-8248858596825618184
1848,582,0,0,0,0,-4510911717897727221
1849,601,0,0,0,0,-8083087383652330066
1850,582,0,0,0,0,3013834975107011445
1851,575,0,0,0,0,-254507650006612914
1852,593,0,0,0,0,-3549950079656960199
1853,589,1,0,0,0,5879401546117562270
1854,584,0,0,0,0,-6388339054087425261
1855,589,0,0,0,0,-7586408729247835319
1856,594,0,0,0,0,-5568477616526757365
1857,591,0,0,0,0,-5364740106920683208
1858,588,0,0,0,0,-1695750237306288466
1859,582,0,0,0,0,-8033108417800357212
1860,590,0,0,0,0,4725187666615980962
1861,588,0,0,0,0,-4371372053670189808
1862,591,0,0,0,0,-5936503245419885400
1863,585,0,0,0,0,444358142711321986
1864,581,0,0,0,0,-7886598908819957786
1865,584,0,0,0,0,3990040409738100996
1866,590,0,0,0,0,-9147305892906342875
1867,586,0,0,0,0,-8035765760049181192
1868,583,0,0,0,0,-7220275967763154275
1869,590,0,0,0,0,-515856849961376192
1870,604,1,0,0,0,8526219095182344597
1871,580,0,0,0,0,7662980067430742252
1872,579,0,0,0,0,6871711693452959231
1873,595,0,0,0,0,-2521367450594496290
1874,585,0,0,0,0,-2615119364590671984
1875,584,0,0,0,0,-1372132445174408920
1876,586,0,0,0,0,-6230780987991681521
1877,593,0,0,0,0,1884786839126504669
1878,583,0,0,0,0,-3682067253470839521
1879,577,0,0,0,0,-3717328138057837484
1880,585,0,0,0,0,687348945314051834
1881,580,0,0,0,0,266551919124186251
1882,595,0,0,0,0,-3669834536801415788
1883,584,0,0,0,0,7357498452014896082
1884,583,0,0,0,0,-637071962772769909
1885,596,0,0,0,0,-5123309840770515073
1886,585,0,0,0,0,-4831525613163823147
1887,589,1,0,0,0,5351987851381775984
1888,585,0,0,0,0,6892490361436032836
1889,584,0,0,0,0,8135477280852295900
1890,595,0,0,0,0,-1496834940508921829
1891,584,0,0,0,0,3878853744992520872
1892,585,0,0,0,0,951426779075373913
1893,585,0,0,0,0,2121457941341713327
1894,586,0,0,0,0,7757900824600510961
1895,582,0,0,0,0,4471083574473304516
1896,589,0,0,0,0,-3685328350545409131
1897,596,0,0,0,0,-290587029013546059
1898,589,0,0,0,0,2834287438648148277
1899,581,0,0,0,0,769711439595565550
1900,596,0,0,0,0,4428121030210012085
1901,585,0,0,0,0,2227830352055201131
1902,585,0,0,0,0,-1460969400652351522
1903,590,0,0,0,0,2888080953598511572
1904,587,1,0,0,0,6739542847837122
1905,592,0,0,0,0,4106359196465546633
1906,590,0,0,0,0,-6838306281362201041
1907,584,0,0,0,0,2481369815856705637
1908,578,0,0,0,0,-2186225936600915258
1909,591,0,0,0,0,3614342492858767496
1910,589,0,0,0,0,-8272242912931328873
1911,578,0,0,0,0,-8209431668804822839
1912,592,0,0,0,0,-2562416876713271243
1913,590,0,0,0,0,-5608423257202101757
1914,582,0,0,0,0,4144736765659890239
1915,579,0,0,0,0,1374470416547816953
1916,586,0,0,0,0,893089096308200340
1917,594,0,0,0,0,-7821008112966303117
1918,590,0,0,0,0,7749110174292175297
1919,579,0,0,0,0,-7000046079743396952
1920,588,0,0,0,0,5751459700737689438
1921,589,1,0,0,0,-6786953263125879982
1922,583,0,0,0,0,-5507527167839627456
1923,581,0,0,0,0,-5697844401814462052
1924,583,0,0,0,0,-4085583761147881035
1925,587,0,0,0,0,7236585767593199097
1926,594,0,0,0,0,-6654486397051936876
1927,586,0,0,0,0,8892839902053740309
1928,581,0,0,0,0,187143524865036691
1929,588,0,0,0,0,5658495464853098549
1930,599,0,0,0,0,2084575979808615575
1931,583,0,0,0,0,-6212396237732676985
1932,587,0,0,0,0,-7381192588524894540
1933,600,0,0,0,0,4198592431907298726
1934,587,0,0,0,0,4335833259750914562
1935,581,0,0,0,0,794677633798817610
1936,589,0,0,0,0,1365956644944327182
1937,587,0,0,0,0,5491574522127092034
1938,584,1,0,0,0,-3071667054573333509
1939,589,0,0,0,0,-1047959245038622925
1940,591,0,0,0,0,-2742200976725646850
1941,580,0,0,0,0,2167878084848647739
1942,594,0,0,0,0,3014801847692293503
1943,588,0,0,0,0,-7646211988675025525
1944,575,0,0,0,0,-7047005070915593843
1945,593,0,0,0,0,-775107083695866036
1946,593,0,0,0,0,7604975539159075331
1947,592,0,0,0,0,-2594718967673085741
1948,581,0,0,0,0,-2204623026583997013
1949,583,0,0,0,0,3719550857705497843
1950,594,0,0,0,0,5822348763276940497
1951,570,0,0,0,0,-6592198636340294915
1952,584,0,0,0,0,-5534482028023228429
1953,589,0,0,0,0,6889935896967269451
1954,588,0,0,0,0,-89867062011134078
1955,576,1,0,0,0,3901526821753421066
1956,585,0,0,0,0,1974859794901760194
1957,598,0,0,0,0,-468706855234276174
1958,577,0,0,0,0,1039658298803979358
1959,584,0,0,0,0,8049951735781474425
1960,599,0,0,0,0,-3893284956900053825
1961,588,0,0,0,0,8043052186900418495
1962,586,0,0,0,0,-7645017688951221355
1963,588,0,0,0,0,9099360633445391566
1964,586,0,0,0,0,-2773406513843004667
1965,586,0,0,0,0,8913968704691060859
1966,592,0,0,0,0,7494397581664286574
1967,588,0,0,0,0,-6507045182228951426
1968,586,0,0,0,0,-9191711949760374038
1969,593,0,0,0,0,7812759529213354301
1970,589,0,0,0,0,-2368077125193369961
1971,576,0,0,0,0,-8707437591837102082
1972,591,1,0,0,0,7787779259632826346
1973,591,0,0,0,0,6170078783090173485
1974,584,0,0,0,0,-3791869713959667077
1975,591,0,0,0,0,-2338474249059214598
1976,589,0,0,0,0,984142935293936686
1977,592,0,0,0,0,8212393625601732927
1978,590,0,0,0,0,7937090384811999789
1979,579,0,0,0,0,-4458320125833456918
1980,587,0,0,0,0,5471272818058803268
1981,587,0,0,0,0,-4718782269198919970
1982,591,0,0,0,0,5380582750725272210
1983,581,0,0,0,0,9049258824710763595
1984,577,0,0,0,0,2566979733574960979
1985,587,0,0,0,0,5551016034779959406
1986,589,0,0,0,0,-3107131164572164042
1987,579,0,0,0,0,-706114766597495936
1988,581,0,0,0,0,-5335729529744015897
1989,592,1,0,0,0,4597023072670089628
1990,598,0,0,0,0,-3435806741131600469
1991,575,0,0,0,0,-4598279794790575500
1992,584,0,0,0,0,3947971320160803164
1993,598,0,0,0,0,-5728657987672113292
1994,582,0,0,0,0,2694977248042588456
1995,585,0,0,0,0,7148915354986014190
1996,592,0,0,0,0,4069021892052255876
1997,587,0,0,0,0,-3554969329898822686
1998,583,0,0,0,0,7212464992683629755
1999,588,0,0,0,0,-3509482892522652107
2000,586,0,0,0,0,-3903383917494194476
2001,581,0,0,0,0,-6061241052422433247
2002,597,0,0,0,0,1802234643796885263
2003,592,0,0,0,0,-710289529587704861
2004,580,0,0,0,0,-7878823909518866589
2005,593,0,0,0,0,-1334534762554949820
2006,594,1,0,0,0,-5526276807169751653
2007,586,0,0,0,0,-1896949738779664006
2008,587,0,0,0,0,66823311865867924
2009,585,0,0,0,0,-6583855578626897772
2010,596,0,0,0,0,-1814548046765581172
2011,579,0,0,0,0,-2355773875736329115
2012,585,0,0,0,0,516251497563113433
2013,588,0,0,0,0,-202831412355181881
2014,584,0,0,0,0,-1156301685491761130
2015,583,0,0,0,0,5479154451883071502
2016,585,0,0,0,0,-5337958832197946790
2017,596,0,0,0,0,7080045099787791606
2018,582,0,0,0,0,-7134286291372155267
2019,582,0,0,0,0,-4436697685151961079
2020,594,0,0,0,0,5788195918322347087
2021,584,0,0,0,0,-4801514393325984881
2022,588,0,0,0,0,8861275106278549632
2023,582,1,0,0,0,-1888020754636383027
2024,586,0,0,0,0,6484459838702483937
2025,587,0,0,0,0,-4200721988959611415
2026,589,0,0,0,0,-7857869693766280033
2027,581,0,0,0,0,8565617300840608461
2028,579,0,0,0,0,-8397521573588376354
2029,598,0,0,0,0,191364704669634033
2030,587,0,0,0,0,9075574127045778036
2031,583,0,0,0,0,-1196702438749400043
2032,589,0,0,0,0,-4012112794970464318
2033,586,0,0,0,0,1774337228272719320
2034,587,0,0,0,0,6921741758986131309
2035,589,0,0,0,0,5775722615926380404
2036,588,0,0,0,0,5401094162561815653
2037,593,0,0,0,0,-3502923939634918430
2038,590,0,0,0,0,-725904348366210004
2039,580,0,0,0,0,1600991593174083586
2040,585,1,0,0,0,920706747149407036
2041,584,0,0,0,0,-6580174541418987474
2042,588,0,0,0,0,-2822437709137160245
2043,580,0,0,0,0,-6596643686954456070
2044,583,0,0,0,0,5965542706513985359
2045,587,0,0,0,0,7177540309238016530
2046,588,0,0,0,0,-8223896856930855785
2047,589,0,0,0,0,4908573232033674427
