cycle,opcode,operand,before,after,reference,repaired_organs,turnover_organs,original_compute_remaining,original_state_remaining
0,3,238,0,238,238,1,1,267,7
1,3,199,238,199,199,0,1,266,6
2,0,62,199,5,5,0,1,265,5
3,2,250,5,0,0,0,1,258,4
4,0,43,0,43,43,0,1,257,3
5,3,239,43,239,239,0,1,256,2
6,0,134,239,117,117,0,1,236,1
7,1,64,117,53,53,0,1,235,0
8,1,94,53,107,107,0,1,234,0
9,3,244,107,244,244,0,1,227,0
10,2,37,244,36,36,0,1,222,0
11,0,185,36,221,221,0,1,221,0
12,2,214,221,212,212,0,1,201,0
13,1,181,212,97,97,0,1,200,0
14,1,117,97,20,20,0,1,199,0
15,3,69,20,69,69,0,1,192,0
16,2,162,69,0,0,0,1,187,0
17,0,160,0,160,160,0,1,186,0
18,2,85,160,0,0,0,1,166,0
19,3,45,0,45,45,0,1,165,0
20,3,250,45,250,250,0,1,164,0
21,3,18,250,18,18,0,1,164,0
22,3,123,18,123,123,0,1,163,0
23,3,62,123,62,62,1,1,162,0
24,1,127,62,65,65,0,1,149,0
25,3,110,65,110,110,0,1,145,0
26,2,66,110,66,66,0,1,144,0
27,2,72,66,64,64,0,1,140,0
28,1,88,64,24,24,0,1,127,0
29,2,153,24,24,24,0,1,114,0
30,3,88,24,88,88,0,1,101,0
31,0,22,88,110,110,0,1,100,0
32,0,0,110,110,110,0,1,87,0
33,2,147,110,2,2,0,1,74,0
34,1,124,2,126,126,0,1,61,0
35,2,177,126,48,48,0,1,57,0
36,0,37,48,85,85,0,1,53,0
37,3,197,85,197,197,0,1,52,0
38,1,139,197,78,78,0,1,48,0
39,1,156,78,210,210,0,1,44,0
40,0,24,210,234,234,0,1,40,0
41,0,213,234,191,191,0,1,27,0
42,3,206,191,206,206,0,1,23,0
43,0,6,206,212,212,0,1,19,0
44,0,0,212,212,212,0,1,18,0
45,1,189,212,105,105,0,1,14,0
46,1,209,105,184,184,1,1,1,0
47,0,130,184,58,58,0,1,0,0
48,3,158,58,158,158,0,0,0,0
49,0,126,158,28,28,0,0,0,0
50,2,11,28,8,8,0,0,0,0
51,3,60,8,60,60,0,0,0,0
52,1,38,60,26,26,0,0,0,0
53,3,197,26,197,197,0,0,0,0
54,3,102,197,102,102,0,0,0,0
55,1,232,102,142,142,0,0,0,0
56,2,15,142,14,14,0,0,0,0
57,3,247,14,247,247,0,0,0,0
58,1,74,247,189,189,0,0,0,0
59,3,248,189,248,248,0,0,0,0
60,2,41,248,40,40,0,0,0,0
61,3,137,40,137,137,0,0,0,0
62,0,33,137,170,170,0,0,0,0
63,0,77,170,247,247,0,0,0,0
64,2,212,247,212,212,0,0,0,0
65,2,246,212,212,212,0,0,0,0
66,1,21,212,193,193,0,0,0,0
67,2,90,193,64,64,0,0,0,0
68,0,116,64,180,180,0,0,0,0
69,0,195,180,119,119,1,0,0,0
70,1,96,119,23,23,0,0,0,0
71,0,44,23,67,67,0,0,0,0
72,0,227,67,38,38,0,0,0,0
73,0,86,38,124,124,0,0,0,0
74,3,20,124,20,20,0,0,0,0
75,1,103,20,115,115,0,0,0,0
76,1,194,115,177,177,0,0,0,0
77,0,127,177,48,48,0,0,0,0
78,3,87,48,87,87,0,0,0,0
79,2,77,87,69,69,0,0,0,0
80,3,185,69,185,185,0,0,0,0
81,1,32,185,153,153,0,0,0,0
82,0,191,153,88,88,0,0,0,0
83,3,21,88,21,21,0,0,0,0
84,3,77,21,77,77,0,0,0,0
85,1,42,77,103,103,0,0,0,0
86,3,225,103,225,225,0,0,0,0
87,3,242,225,242,242,0,0,0,0
88,1,22,242,228,228,0,0,0,0
89,3,224,228,224,224,0,0,0,0
90,3,129,224,129,129,0,0,0,0
91,2,138,129,128,128,0,0,0,0
92,3,36,128,36,36,1,0,0,0
93,3,45,36,45,45,0,0,0,0
94,2,82,45,0,0,0,0,0,0
95,0,31,0,31,31,0,0,0,0
96,1,61,31,34,34,0,0,0,0
97,0,220,34,254,254,0,0,0,0
98,3,133,254,133,133,0,0,0,0
99,0,182,133,59,59,0,0,0,0
100,2,137,59,9,9,0,0,0,0
101,1,33,9,40,40,0,0,0,0
102,1,254,40,214,214,0,0,0,0
103,1,241,214,39,39,0,0,0,0
104,1,255,39,216,216,0,0,0,0
105,3,129,216,129,129,0,0,0,0
106,2,185,129,129,129,0,0,0,0
107,3,87,129,87,87,0,0,0,0
108,2,214,87,86,86,0,0,0,0
109,0,25,86,111,111,0,0,0,0
110,3,237,111,237,237,0,0,0,0
111,1,58,237,215,215,0,0,0,0
112,3,54,215,54,54,0,0,0,0
113,2,33,54,32,32,0,0,0,0
114,3,179,32,179,179,0,0,0,0
115,2,20,179,16,16,1,0,0,0
116,2,174,16,0,0,0,0,0,0
117,1,121,0,121,121,0,0,0,0
118,3,242,121,242,242,0,0,0,0
119,0,137,242,123,123,0,0,0,0
120,2,229,123,97,97,0,0,0,0
121,2,15,97,1,1,0,0,0,0
122,3,45,1,45,45,0,0,0,0
123,0,174,45,219,219,0,0,0,0
124,1,4,219,223,223,0,0,0,0
125,2,203,223,203,203,0,0,0,0
126,2,155,203,139,139,0,0,0,0
127,0,105,139,244,244,0,0,0,0
128,0,28,244,16,16,0,0,0,0
129,0,53,16,69,69,0,0,0,0
130,0,177,69,246,246,0,0,0,0
131,0,183,246,173,173,0,0,0,0
132,0,248,173,165,165,0,0,0,0
133,3,161,165,161,161,0,0,0,0
134,3,247,161,247,247,0,0,0,0
135,1,42,247,221,221,0,0,0,0
136,3,219,221,219,219,0,0,0,0
137,2,121,219,89,89,0,0,0,0
138,1,206,89,151,151,1,0,0,0
139,0,94,151,245,245,0,0,0,0
140,3,174,245,174,174,0,0,0,0
141,0,106,174,24,24,0,0,0,0
142,1,65,24,89,89,0,0,0,0
143,3,241,89,241,241,0,0,0,0
144,1,168,241,89,89,0,0,0,0
145,1,190,89,231,231,0,0,0,0
146,0,67,231,42,42,0,0,0,0
147,3,10,42,10,10,0,0,0,0
148,0,162,10,172,172,0,0,0,0
149,1,57,172,149,149,0,0,0,0
150,1,59,149,174,174,0,0,0,0
151,1,155,174,53,53,0,0,0,0
152,1,89,53,108,108,0,0,0,0
153,3,224,108,224,224,0,0,0,0
154,0,82,224,50,50,0,0,0,0
155,2,90,50,18,18,0,0,0,0
156,2,244,18,16,16,0,0,0,0
157,0,74,16,90,90,0,0,0,0
158,1,107,90,49,49,0,0,0,0
159,1,113,49,64,64,0,0,0,0
160,0,96,64,160,160,0,0,0,0
161,3,63,160,63,63,1,0,0,0
162,1,206,63,241,241,0,0,0,0
163,0,135,241,120,120,0,0,0,0
164,2,20,120,16,16,0,0,0,0
165,3,113,16,113,113,0,0,0,0
166,0,101,113,214,214,0,0,0,0
167,1,103,214,177,177,0,0,0,0
168,3,84,177,84,84,0,0,0,0
169,1,28,84,72,72,0,0,0,0
170,1,128,72,200,200,0,0,0,0
171,2,43,200,8,8,0,0,0,0
172,3,116,8,116,116,0,0,0,0
173,3,89,116,89,89,0,0,0,0
174,1,228,89,189,189,0,0,0,0
175,1,202,189,119,119,0,0,0,0
176,0,164,119,27,27,0,0,0,0
177,0,239,27,10,10,0,0,0,0
178,0,76,10,86,86,0,0,0,0
179,3,4,86,4,4,0,0,0,0
180,2,243,4,0,0,0,0,0,0
181,3,43,0,43,43,0,0,0,0
182,1,149,43,190,190,0,0,0,0
183,1,67,190,253,253,0,0,0,0
184,2,142,253,140,140,1,0,0,0
185,3,123,140,123,123,0,0,0,0
186,0,176,123,43,43,0,0,0,0
187,3,70,43,70,70,0,0,0,0
188,3,251,70,251,251,0,0,0,0
189,2,167,251,163,163,0,0,0,0
190,2,230,163,162,162,0,0,0,0
191,2,47,162,34,34,0,0,0,0
192,2,219,34,2,2,0,0,0,0
193,1,64,2,66,66,0,0,0,0
194,2,209,66,64,64,0,0,0,0
195,2,105,64,64,64,0,0,0,0
196,3,78,64,78,78,0,0,0,0
197,0,72,78,150,150,0,0,0,0
198,2,126,150,22,22,0,0,0,0
199,1,178,22,164,164,0,0,0,0
200,2,9,164,0,0,0,0,0,0
201,1,102,0,102,102,0,0,0,0
202,1,93,102,59,59,0,0,0,0
203,1,201,59,242,242,0,0,0,0
204,2,62,242,50,50,0,0,0,0
205,2,143,50,2,2,0,0,0,0
206,1,4,2,6,6,0,0,0,0
207,0,181,6,187,187,1,0,0,0
208,1,17,187,170,170,0,0,0,0
209,0,46,170,216,216,0,0,0,0
210,2,130,216,128,128,0,0,0,0
211,3,174,128,174,174,0,0,0,0
212,2,140,174,140,140,0,0,0,0
213,2,241,140,128,128,0,0,0,0
214,1,193,128,65,65,0,0,0,0
215,3,149,65,149,149,0,0,0,0
216,0,101,149,250,250,0,0,0,0
217,3,80,250,80,80,0,0,0,0
218,0,199,80,23,23,0,0,0,0
219,3,169,23,169,169,0,0,0,0
220,2,168,169,168,168,0,0,0,0
221,0,255,168,167,167,0,0,0,0
222,1,181,167,18,18,0,0,0,0
223,3,175,18,175,175,0,0,0,0
224,3,246,175,246,246,0,0,0,0
225,3,4,246,4,4,0,0,0,0
226,0,197,4,201,201,0,0,0,0
227,0,57,201,2,2,0,0,0,0
228,2,204,2,0,0,0,0,0,0
229,2,202,0,0,0,0,0,0,0
230,3,160,0,160,160,1,0,0,0
231,1,220,160,124,124,0,0,0,0
232,2,97,124,96,96,0,0,0,0
233,1,62,96,94,94,0,0,0,0
234,3,99,94,99,99,0,0,0,0
235,2,146,99,2,2,0,0,0,0
236,2,183,2,2,2,0,0,0,0
237,1,43,2,41,41,0,0,0,0
238,3,87,41,87,87,0,0,0,0
239,3,138,87,138,138,0,0,0,0
240,1,16,138,154,154,0,0,0,0
241,3,247,154,247,247,0,0,0,0
242,1,226,247,21,21,0,0,0,0
243,1,150,21,131,131,0,0,0,0
244,0,186,131,61,61,0,0,0,0
245,0,21,61,82,82,0,0,0,0
246,3,147,82,147,147,0,0,0,0
247,1,102,147,245,245,0,0,0,0
248,2,211,245,209,209,0,0,0,0
249,1,132,209,85,85,0,0,0,0
250,0,126,85,211,211,0,0,0,0
251,3,28,211,28,28,0,0,0,0
252,2,78,28,12,12,0,0,0,0
253,0,122,12,134,134,1,0,0,0
254,2,216,134,128,128,0,0,0,0
255,0,80,128,208,208,0,0,0,0
256,1,242,208,34,34,0,0,0,0
257,2,60,34,32,32,0,0,0,0
258,1,171,32,139,139,0,0,0,0
259,2,65,139,1,1,0,0,0,0
260,2,30,1,0,0,0,0,0,0
261,1,56,0,56,56,0,0,0,0
262,1,152,56,160,160,0,0,0,0
263,3,82,160,82,82,0,0,0,0
264,2,222,82,82,82,0,0,0,0
265,0,42,82,124,124,0,0,0,0
266,1,89,124,37,37,0,0,0,0
267,0,28,37,65,65,0,0,0,0
268,1,167,65,230,230,0,0,0,0
269,3,152,230,152,152,0,0,0,0
270,1,137,152,17,17,0,0,0,0
271,3,47,17,47,47,0,0,0,0
272,3,176,47,176,176,0,0,0,0
273,2,101,176,32,32,0,0,0,0
274,0,202,32,234,234,0,0,0,0
275,3,150,234,150,150,0,0,0,0
276,3,106,150,106,106,1,0,0,0
277,3,35,106,35,35,0,0,0,0
278,1,234,35,201,201,0,0,0,0
279,1,22,201,223,223,0,0,0,0
280,3,12,223,12,12,0,0,0,0
281,3,139,12,139,139,0,0,0,0
282,0,18,139,157,157,0,0,0,0
283,1,223,157,66,66,0,0,0,0
284,1,167,66,229,229,0,0,0,0
285,2,175,229,165,165,0,0,0,0
286,2,215,165,133,133,0,0,0,0
287,0,101,133,234,234,0,0,0,0
288,0,129,234,107,107,0,0,0,0
289,2,253,107,105,105,0,0,0,0
290,1,234,105,131,131,0,0,0,0
291,0,15,131,146,146,0,0,0,0
292,1,105,146,251,251,0,0,0,0
293,2,241,251,241,241,0,0,0,0
294,0,253,241,238,238,0,0,0,0
295,0,103,238,85,85,0,0,0,0
296,0,6,85,91,91,0,0,0,0
297,1,120,91,35,35,0,0,0,0
298,2,30,35,2,2,0,0,0,0
299,3,122,2,122,122,1,0,0,0
300,0,88,122,210,210,0,0,0,0
301,2,166,210,130,130,0,0,0,0
302,0,235,130,109,109,0,0,0,0
303,3,182,109,182,182,0,0,0,0
304,2,189,182,180,180,0,0,0,0
305,0,149,180,73,73,0,0,0,0
306,2,168,73,8,8,0,0,0,0
307,2,229,8,0,0,0,0,0,0
308,1,236,0,236,236,0,0,0,0
309,3,222,236,222,222,0,0,0,0
310,2,69,222,68,68,0,0,0,0
311,0,25,68,93,93,0,0,0,0
312,1,241,93,172,172,0,0,0,0
313,1,17,172,189,189,0,0,0,0
314,1,192,189,125,125,0,0,0,0
315,0,87,125,212,212,0,0,0,0
316,3,91,212,91,91,0,0,0,0
317,0,23,91,114,114,0,0,0,0
318,3,13,114,13,13,0,0,0,0
319,2,235,13,9,9,0,0,0,0
320,1,191,9,182,182,0,0,0,0
321,2,231,182,166,166,0,0,0,0
322,3,166,166,166,166,1,0,0,0
323,3,214,166,214,214,0,0,0,0
324,0,69,214,27,27,0,0,0,0
325,2,59,27,27,27,0,0,0,0
326,1,127,27,100,100,0,0,0,0
327,0,97,100,197,197,0,0,0,0
328,3,43,197,43,43,0,0,0,0
329,1,198,43,237,237,0,0,0,0
330,2,14,237,12,12,0,0,0,0
331,2,223,12,12,12,0,0,0,0
332,3,56,12,56,56,0,0,0,0
333,1,223,56,231,231,0,0,0,0
334,0,244,231,219,219,0,0,0,0
335,0,253,219,216,216,0,0,0,0
336,3,56,216,56,56,0,0,0,0
337,1,184,56,128,128,0,0,0,0
338,0,52,128,180,180,0,0,0,0
339,2,43,180,32,32,0,0,0,0
340,2,104,32,32,32,0,0,0,0
341,1,76,32,108,108,0,0,0,0
342,2,170,108,40,40,0,0,0,0
343,2,233,40,40,40,0,0,0,0
344,1,217,40,241,241,0,0,0,0
345,0,234,241,219,219,1,0,0,0
346,2,241,219,209,209,0,0,0,0
347,0,172,209,125,125,0,0,0,0
348,1,202,125,183,183,0,0,0,0
349,0,203,183,130,130,0,0,0,0
350,1,153,130,27,27,0,0,0,0
351,3,103,27,103,103,0,0,0,0
352,2,104,103,96,96,0,0,0,0
353,3,182,96,182,182,0,0,0,0
354,0,16,182,198,198,0,0,0,0
355,3,245,198,245,245,0,0,0,0
356,3,188,245,188,188,0,0,0,0
357,2,238,188,172,172,0,0,0,0
358,0,88,172,4,4,0,0,0,0
359,1,122,4,126,126,0,0,0,0
360,0,135,126,5,5,0,0,0,0
361,1,235,5,238,238,0,0,0,0
362,3,178,238,178,178,0,0,0,0
363,0,59,178,237,237,0,0,0,0
364,0,133,237,114,114,0,0,0,0
365,3,20,114,20,20,0,0,0,0
366,1,147,20,135,135,0,0,0,0
367,0,28,135,163,163,0,0,0,0
368,0,5,163,168,168,1,0,0,0
369,3,253,168,253,253,0,0,0,0
370,3,187,253,187,187,0,0,0,0
371,2,147,187,147,147,0,0,0,0
372,2,187,147,147,147,0,0,0,0
373,3,200,147,200,200,0,0,0,0
374,1,211,200,27,27,0,0,0,0
375,0,252,27,23,23,0,0,0,0
376,2,68,23,4,4,0,0,0,0
377,2,108,4,4,4,0,0,0,0
378,3,216,4,216,216,0,0,0,0
379,3,207,216,207,207,0,0,0,0
380,2,208,207,192,192,0,0,0,0
381,3,25,192,25,25,0,0,0,0
382,1,90,25,67,67,0,0,0,0
383,1,4,67,71,71,0,0,0,0
384,0,223,71,38,38,0,0,0,0
385,1,119,38,81,81,0,0,0,0
386,2,164,81,0,0,0,0,0,0
387,0,149,0,149,149,0,0,0,0
388,2,56,149,16,16,0,0,0,0
389,0,129,16,145,145,0,0,0,0
390,3,162,145,162,162,0,0,0,0
391,0,21,162,183,183,1,0,0,0
392,3,211,183,211,211,0,0,0,0
393,3,62,211,62,62,0,0,0,0
394,2,188,62,60,60,0,0,0,0
395,3,72,60,72,72,0,0,0,0
396,3,21,72,21,21,0,0,0,0
397,2,78,21,4,4,0,0,0,0
398,3,29,4,29,29,0,0,0,0
399,1,101,29,120,120,0,0,0,0
400,0,210,120,74,74,0,0,0,0
401,1,212,74,158,158,0,0,0,0
402,0,104,158,6,6,0,0,0,0
403,3,142,6,142,142,0,0,0,0
404,2,164,142,132,132,0,0,0,0
405,1,176,132,52,52,0,0,0,0
406,2,37,52,36,36,0,0,0,0
407,2,193,36,0,0,0,0,0,0
408,0,101,0,101,101,0,0,0,0
409,1,20,101,113,113,0,0,0,0
410,1,231,113,150,150,0,0,0,0
411,2,18,150,18,18,0,0,0,0
412,2,223,18,18,18,0,0,0,0
413,2,43,18,2,2,0,0,0,0
414,0,232,2,234,234,1,0,0,0
415,3,116,234,116,116,0,0,0,0
416,2,67,116,64,64,0,0,0,0
417,3,120,64,120,120,0,0,0,0
418,2,130,120,0,0,0,0,0,0
419,3,159,0,159,159,0,0,0,0
420,2,173,159,141,141,0,0,0,0
421,1,34,141,175,175,0,0,0,0
422,2,6,175,6,6,0,0,0,0
423,3,71,6,71,71,0,0,0,0
424,2,165,71,5,5,0,0,0,0
425,0,176,5,181,181,0,0,0,0
426,3,180,181,180,180,0,0,0,0
427,2,212,180,148,148,0,0,0,0
428,3,180,148,180,180,0,0,0,0
429,3,146,180,146,146,0,0,0,0
430,1,104,146,250,250,0,0,0,0
431,0,6,250,0,0,0,0,0,0
432,2,23,0,0,0,0,0,0,0
433,2,190,0,0,0,0,0,0,0
434,2,21,0,0,0,0,0,0,0
435,3,54,0,54,54,0,0,0,0
436,1,92,54,106,106,0,0,0,0
437,3,3,106,3,3,1,0,0,0
438,0,9,3,12,12,0,0,0,0
439,2,106,12,8,8,0,0,0,0
440,1,232,8,224,224,0,0,0,0
441,3,92,224,92,92,0,0,0,0
442,2,189,92,28,28,0,0,0,0
443,1,111,28,115,115,0,0,0,0
444,2,220,115,80,80,0,0,0,0
445,1,85,80,5,5,0,0,0,0
446,0,15,5,20,20,0,0,0,0
447,2,19,20,16,16,0,0,0,0
448,3,49,16,49,49,0,0,0,0
449,1,111,49,94,94,0,0,0,0
450,3,171,94,171,171,0,0,0,0
451,3,233,171,233,233,0,0,0,0
452,3,40,233,40,40,0,0,0,0
453,1,1,40,41,41,0,0,0,0
454,3,168,41,168,168,0,0,0,0
455,2,237,168,168,168,0,0,0,0
456,3,216,168,216,216,0,0,0,0
457,2,239,216,200,200,0,0,0,0
458,0,197,200,141,141,0,0,0,0
459,2,155,141,137,137,0,0,0,0
460,1,17,137,152,152,1,0,0,0
461,2,121,152,24,24,0,0,0,0
462,3,197,24,197,197,0,0,0,0
463,1,209,197,20,20,0,0,0,0
464,2,19,20,16,16,0,0,0,0
465,1,255,16,239,239,0,0,0,0
466,3,13,239,13,13,0,0,0,0
467,1,241,13,252,252,0,0,0,0
468,2,115,252,112,112,0,0,0,0
469,3,10,112,10,10,0,0,0,0
470,3,253,10,253,253,0,0,0,0
471,1,168,253,85,85,0,0,0,0
472,3,248,85,248,248,0,0,0,0
473,3,235,248,235,235,0,0,0,0
474,1,186,235,81,81,0,0,0,0
475,3,242,81,242,242,0,0,0,0
476,1,105,242,155,155,0,0,0,0
477,3,152,155,152,152,0,0,0,0
478,1,69,152,221,221,0,0,0,0
479,3,232,221,232,232,0,0,0,0
480,0,213,232,189,189,0,0,0,0
481,1,104,189,213,213,0,0,0,0
482,0,193,213,150,150,0,0,0,0
483,2,38,150,6,6,1,0,0,0
484,0,202,6,208,208,0,0,0,0
485,3,127,208,127,127,0,0,0,0
486,0,8,127,135,135,0,0,0,0
487,3,97,135,97,97,0,0,0,0
488,3,35,97,35,35,0,0,0,0
489,2,226,35,34,34,0,0,0,0
490,2,52,34,32,32,0,0,0,0
491,3,245,32,245,245,0,0,0,0
492,1,82,245,167,167,0,0,0,0
493,3,84,167,84,84,0,0,0,0
494,1,240,84,164,164,0,0,0,0
495,2,11,164,0,0,0,0,0,0
496,3,243,0,243,243,0,0,0,0
497,2,11,243,3,3,0,0,0,0
498,0,44,3,47,47,0,0,0,0
499,1,125,47,82,82,0,0,0,0
500,2,153,82,16,16,0,0,0,0
501,1,118,16,102,102,0,0,0,0
502,3,63,102,63,63,0,0,0,0
503,2,17,63,17,17,0,0,0,0
504,1,248,17,233,233,0,0,0,0
505,0,111,233,88,88,0,0,0,0
506,1,114,88,42,42,1,0,0,0
507,3,42,42,42,42,0,0,0,0
508,0,109,42,151,151,0,0,0,0
509,2,93,151,21,21,0,0,0,0
510,1,49,21,36,36,0,0,0,0
511,2,74,36,0,0,0,0,0,0
512,2,100,0,0,0,0,0,0,0
513,1,74,0,74,74,0,0,0,0
514,3,200,74,200,200,0,0,0,0
515,2,211,200,192,192,0,0,0,0
516,0,2,192,194,194,0,0,0,0
517,1,121,194,187,187,0,0,0,0
518,1,112,187,203,203,0,0,0,0
519,3,110,203,110,110,0,0,0,0
520,0,51,110,161,161,0,0,0,0
521,2,93,161,1,1,0,0,0,0
522,1,34,1,35,35,0,0,0,0
523,1,26,35,57,57,0,0,0,0
524,3,240,57,240,240,0,0,0,0
525,2,83,240,80,80,0,0,0,0
526,0,174,80,254,254,0,0,0,0
527,2,59,254,58,58,0,0,0,0
528,2,31,58,26,26,0,0,0,0
529,2,254,26,26,26,1,0,0,0
530,0,37,26,63,63,0,0,0,0
531,1,212,63,235,235,0,0,0,0
532,0,141,235,120,120,0,0,0,0
533,0,40,120,160,160,0,0,0,0
534,0,109,160,13,13,0,0,0,0
535,2,136,13,8,8,0,0,0,0
536,3,187,8,187,187,0,0,0,0
537,2,132,187,128,128,0,0,0,0
538,3,90,128,90,90,0,0,0,0
539,1,49,90,107,107,0,0,0,0
540,0,122,107,229,229,0,0,0,0
541,1,70,229,163,163,0,0,0,0
542,2,35,163,35,35,0,0,0,0
543,1,118,35,85,85,0,0,0,0
544,2,62,85,20,20,0,0,0,0
545,1,109,20,121,121,0,0,0,0
546,1,103,121,30,30,0,0,0,0
547,3,201,30,201,201,0,0,0,0
548,0,66,201,11,11,0,0,0,0
549,3,199,11,199,199,0,0,0,0
550,3,189,199,189,189,0,0,0,0
551,2,172,189,172,172,0,0,0,0
552,1,107,172,199,199,1,0,0,0
553,2,166,199,134,134,0,0,0,0
554,1,105,134,239,239,0,0,0,0
555,2,150,239,134,134,0,0,0,0
556,2,0,134,0,0,0,0,0,0
557,0,200,0,200,200,0,0,0,0
558,3,20,200,20,20,0,0,0,0
559,2,125,20,20,20,0,0,0,0
560,2,222,20,20,20,0,0,0,0
561,1,193,20,213,213,0,0,0,0
562,2,190,213,148,148,0,0,0,0
563,0,248,148,140,140,0,0,0,0
564,3,91,140,91,91,0,0,0,0
565,1,224,91,187,187,0,0,0,0
566,1,117,187,206,206,0,0,0,0
567,1,180,206,122,122,0,0,0,0
568,3,41,122,41,41,0,0,0,0
569,2,210,41,0,0,0,0,0,0
570,3,24,0,24,24,0,0,0,0
571,0,31,24,55,55,0,0,0,0
572,3,54,55,54,54,0,0,0,0
573,1,207,54,249,249,0,0,0,0
574,3,63,249,63,63,0,0,0,0
575,1,91,63,100,100,1,0,0,0
576,3,141,100,141,141,0,0,0,0
577,2,40,141,8,8,0,0,0,0
578,1,114,8,122,122,0,0,0,0
579,0,11,122,133,133,0,0,0,0
580,2,193,133,129,129,0,0,0,0
581,0,211,129,84,84,0,0,0,0
582,1,243,84,167,167,0,0,0,0
583,2,241,167,161,161,0,0,0,0
584,0,11,161,172,172,0,0,0,0
585,3,24,172,24,24,0,0,0,0
586,3,51,24,51,51,0,0,0,0
587,1,223,51,236,236,0,0,0,0
588,2,176,236,160,160,0,0,0,0
589,3,111,160,111,111,0,0,0,0
590,1,146,111,253,253,0,0,0,0
591,2,17,253,17,17,0,0,0,0
592,1,84,17,69,69,0,0,0,0
593,0,155,69,224,224,0,0,0,0
594,0,25,224,249,249,0,0,0,0
595,0,148,249,141,141,0,0,0,0
596,2,215,141,133,133,0,0,0,0
597,1,62,133,187,187,0,0,0,0
598,3,166,187,166,166,1,0,0,0
599,2,72,166,0,0,0,0,0,0
600,1,210,0,210,210,0,0,0,0
601,0,184,210,138,138,0,0,0,0
602,2,45,138,8,8,0,0,0,0
603,2,149,8,0,0,0,0,0,0
604,1,41,0,41,41,0,0,0,0
605,2,118,41,32,32,0,0,0,0
606,1,133,32,165,165,0,0,0,0
607,0,158,165,67,67,0,0,0,0
608,0,138,67,205,205,0,0,0,0
609,1,151,205,90,90,0,0,0,0
610,2,130,90,2,2,0,0,0,0
611,3,174,2,174,174,0,0,0,0
612,3,159,174,159,159,0,0,0,0
613,1,9,159,150,150,0,0,0,0
614,0,28,150,178,178,0,0,0,0
615,0,97,178,19,19,0,0,0,0
616,1,138,19,153,153,0,0,0,0
617,3,135,153,135,135,0,0,0,0
618,2,110,135,6,6,0,0,0,0
619,1,155,6,157,157,0,0,0,0
620,3,1,157,1,1,0,0,0,0
621,1,178,1,179,179,1,0,0,0
622,3,129,179,129,129,0,0,0,0
623,3,72,129,72,72,0,0,0,0
624,1,151,72,223,223,0,0,0,0
625,3,248,223,248,248,0,0,0,0
626,3,14,248,14,14,0,0,0,0
627,1,224,14,238,238,0,0,0,0
628,0,116,238,98,98,0,0,0,0
629,3,148,98,148,148,0,0,0,0
630,3,35,148,35,35,0,0,0,0
631,3,14,35,14,14,0,0,0,0
632,3,203,14,203,203,0,0,0,0
633,0,98,203,45,45,0,0,0,0
634,1,163,45,142,142,0,0,0,0
635,1,80,142,222,222,0,0,0,0
636,0,99,222,65,65,0,0,0,0
637,3,209,65,209,209,0,0,0,0
638,2,154,209,144,144,0,0,0,0
639,0,168,144,56,56,0,0,0,0
640,0,89,56,145,145,0,0,0,0
641,1,64,145,209,209,0,0,0,0
642,3,249,209,249,249,0,0,0,0
643,2,171,249,169,169,0,0,0,0
644,0,48,169,217,217,1,0,0,0
645,3,23,217,23,23,0,0,0,0
646,2,14,23,6,6,0,0,0,0
647,3,192,6,192,192,0,0,0,0
648,0,119,192,55,55,0,0,0,0
649,1,14,55,57,57,0,0,0,0
650,2,237,57,41,41,0,0,0,0
651,2,42,41,40,40,0,0,0,0
652,1,126,40,86,86,0,0,0,0
653,2,148,86,20,20,0,0,0,0
654,2,195,20,0,0,0,0,0,0
655,2,75,0,0,0,0,0,0,0
656,0,83,0,83,83,0,0,0,0
657,3,57,83,57,57,0,0,0,0
658,0,25,57,82,82,0,0,0,0
659,3,242,82,242,242,0,0,0,0
660,1,65,242,179,179,0,0,0,0
661,2,227,179,163,163,0,0,0,0
662,2,215,163,131,131,0,0,0,0
663,2,33,131,1,1,0,0,0,0
664,2,229,1,1,1,0,0,0,0
665,1,145,1,144,144,0,0,0,0
666,3,23,144,23,23,0,0,0,0
667,0,149,23,172,172,1,0,0,0
668,3,28,172,28,28,0,0,0,0
669,2,219,28,24,24,0,0,0,0
670,0,86,24,110,110,0,0,0,0
671,0,69,110,179,179,0,0,0,0
672,0,35,179,214,214,0,0,0,0
673,1,143,214,89,89,0,0,0,0
674,2,84,89,80,80,0,0,0,0
675,3,97,80,97,97,0,0,0,0
676,1,120,97,25,25,0,0,0,0
677,3,41,25,41,41,0,0,0,0
678,2,62,41,40,40,0,0,0,0
679,2,250,40,40,40,0,0,0,0
680,1,141,40,165,165,0,0,0,0
681,3,222,165,222,222,0,0,0,0
682,1,160,222,126,126,0,0,0,0
683,3,238,126,238,238,0,0,0,0
684,3,14,238,14,14,0,0,0,0
685,2,225,14,0,0,0,0,0,0
686,0,164,0,164,164,0,0,0,0
687,0,166,164,74,74,0,0,0,0
688,2,238,74,74,74,0,0,0,0
689,1,189,74,247,247,0,0,0,0
690,0,199,247,190,190,1,0,0,0
691,1,183,190,9,9,0,0,0,0
692,0,21,9,30,30,0,0,0,0
693,0,98,30,128,128,0,0,0,0
694,0,232,128,104,104,0,0,0,0
695,2,178,104,32,32,0,0,0,0
696,1,73,32,105,105,0,0,0,0
697,0,0,105,105,105,0,0,0,0
698,0,94,105,199,199,0,0,0,0
699,0,89,199,32,32,0,0,0,0
700,1,230,32,198,198,0,0,0,0
701,1,158,198,88,88,0,0,0,0
702,1,251,88,163,163,0,0,0,0
703,3,183,163,183,183,0,0,0,0
704,3,163,183,163,163,0,0,0,0
705,3,193,163,193,193,0,0,0,0
706,3,26,193,26,26,0,0,0,0
707,1,124,26,102,102,0,0,0,0
708,3,72,102,72,72,0,0,0,0
709,1,119,72,63,63,0,0,0,0
710,2,213,63,21,21,0,0,0,0
711,3,254,21,254,254,0,0,0,0
712,0,38,254,36,36,0,0,0,0
713,1,92,36,120,120,1,0,0,0
714,2,40,120,40,40,0,0,0,0
715,2,34,40,32,32,0,0,0,0
716,1,44,32,12,12,0,0,0,0
717,1,98,12,110,110,0,0,0,0
718,1,43,110,69,69,0,0,0,0
719,1,148,69,209,209,0,0,0,0
720,2,138,209,128,128,0,0,0,0
721,3,93,128,93,93,0,0,0,0
722,1,111,93,50,50,0,0,0,0
723,1,141,50,191,191,0,0,0,0
724,0,195,191,130,130,0,0,0,0
725,0,240,130,114,114,0,0,0,0
726,2,236,114,96,96,0,0,0,0
727,3,63,96,63,63,0,0,0,0
728,2,99,63,35,35,0,0,0,0
729,0,70,35,105,105,0,0,0,0
730,3,135,105,135,135,0,0,0,0
731,3,30,135,30,30,0,0,0,0
732,1,143,30,145,145,0,0,0,0
733,0,90,145,235,235,0,0,0,0
734,1,48,235,219,219,0,0,0,0
735,3,86,219,86,86,0,0,0,0
736,0,120,86,206,206,1,0,0,0
737,3,162,206,162,162,0,0,0,0
738,1,59,162,153,153,0,0,0,0
739,2,245,153,145,145,0,0,0,0
740,2,191,145,145,145,0,0,0,0
741,2,75,145,1,1,0,0,0,0
742,2,195,1,1,1,0,0,0,0
743,3,239,1,239,239,0,0,0,0
744,0,16,239,255,255,0,0,0,0
745,0,236,255,235,235,0,0,0,0
746,2,234,235,234,234,0,0,0,0
747,1,15,234,229,229,0,0,0,0
748,2,70,229,68,68,0,0,0,0
749,0,107,68,175,175,0,0,0,0
750,1,141,175,34,34,0,0,0,0
751,0,54,34,88,88,0,0,0,0
752,0,127,88,215,215,0,0,0,0
753,3,247,215,247,247,0,0,0,0
754,0,95,247,86,86,0,0,0,0
755,2,10,86,2,2,0,0,0,0
756,3,215,2,215,215,0,0,0,0
757,2,52,215,20,20,0,0,0,0
758,2,53,20,20,20,0,0,0,0
759,1,245,20,225,225,1,0,0,0
760,0,77,225,46,46,0,0,0,0
761,0,160,46,206,206,0,0,0,0
762,1,33,206,239,239,0,0,0,0
763,0,69,239,52,52,0,0,0,0
764,0,202,52,254,254,0,0,0,0
765,0,132,254,130,130,0,0,0,0
766,3,155,130,155,155,0,0,0,0
767,2,196,155,128,128,0,0,0,0
768,0,93,128,221,221,0,0,0,0
769,2,135,221,133,133,0,0,0,0
770,1,134,133,3,3,0,0,0,0
771,3,249,3,249,249,0,0,0,0
772,1,189,249,68,68,0,0,0,0
773,0,30,68,98,98,0,0,0,0
774,3,234,98,234,234,0,0,0,0
775,3,206,234,206,206,0,0,0,0
776,2,233,206,200,200,0,0,0,0
777,0,38,200,238,238,0,0,0,0
778,1,214,238,56,56,0,0,0,0
779,2,39,56,32,32,0,0,0,0
780,2,125,32,32,32,0,0,0,0
781,1,106,32,74,74,0,0,0,0
782,3,74,74,74,74,1,0,0,0
783,3,98,74,98,98,0,0,0,0
784,3,246,98,246,246,0,0,0,0
785,3,15,246,15,15,0,0,0,0
786,0,92,15,107,107,0,0,0,0
787,1,203,107,160,160,0,0,0,0
788,2,88,160,0,0,0,0,0,0
789,3,111,0,111,111,0,0,0,0
790,3,165,111,165,165,0,0,0,0
791,0,223,165,132,132,0,0,0,0
792,0,164,132,40,40,0,0,0,0
793,1,155,40,179,179,0,0,0,0
794,0,202,179,125,125,0,0,0,0
795,1,153,125,228,228,0,0,0,0
796,3,211,228,211,211,0,0,0,0
797,0,30,211,241,241,0,0,0,0
798,1,92,241,173,173,0,0,0,0
799,2,87,173,5,5,0,0,0,0
800,0,67,5,72,72,0,0,0,0
801,1,229,72,173,173,0,0,0,0
802,2,127,173,45,45,0,0,0,0
803,0,22,45,67,67,0,0,0,0
804,2,86,67,66,66,0,0,0,0
805,0,216,66,26,26,1,0,0,0
806,2,0,26,0,0,0,0,0,0
807,0,164,0,164,164,0,0,0,0
808,3,179,164,179,179,0,0,0,0
809,3,215,179,215,215,0,0,0,0
810,2,77,215,69,69,0,0,0,0
811,0,20,69,89,89,0,0,0,0
812,1,51,89,106,106,0,0,0,0
813,2,137,106,8,8,0,0,0,0
814,3,130,8,130,130,0,0,0,0
815,2,227,130,130,130,0,0,0,0
816,2,204,130,128,128,0,0,0,0
817,0,72,128,200,200,0,0,0,0
818,3,41,200,41,41,0,0,0,0
819,2,13,41,9,9,0,0,0,0
820,2,98,9,0,0,0,0,0,0
821,1,221,0,221,221,0,0,0,0
822,3,64,221,64,64,0,0,0,0
823,1,2,64,66,66,0,0,0,0
824,3,245,66,245,245,0,0,0,0
825,2,113,245,113,113,0,0,0,0
826,3,245,113,245,245,0,0,0,0
827,0,192,245,181,181,0,0,0,0
828,3,26,181,26,26,1,0,0,0
829,3,204,26,204,204,0,0,0,0
830,1,118,204,186,186,0,0,0,0
831,1,111,186,213,213,0,0,0,0
832,0,15,213,228,228,0,0,0,0
833,2,225,228,224,224,0,0,0,0
834,0,91,224,59,59,0,0,0,0
835,0,221,59,24,24,0,0,0,0
836,3,194,24,194,194,0,0,0,0
837,2,46,194,2,2,0,0,0,0
838,0,174,2,176,176,0,0,0,0
839,3,216,176,216,216,0,0,0,0
840,0,90,216,50,50,0,0,0,0
841,2,105,50,32,32,0,0,0,0
842,0,55,32,87,87,0,0,0,0
843,1,17,87,70,70,0,0,0,0
844,0,89,70,159,159,0,0,0,0
845,3,6,159,6,6,0,0,0,0
846,0,102,6,108,108,0,0,0,0
847,0,55,108,163,163,0,0,0,0
848,1,110,163,205,205,0,0,0,0
849,3,84,205,84,84,0,0,0,0
850,2,230,84,68,68,0,0,0,0
851,2,212,68,68,68,1,0,0,0
852,2,169,68,0,0,0,0,0,0
853,1,115,0,115,115,0,0,0,0
854,1,105,115,26,26,0,0,0,0
855,2,1,26,0,0,0,0,0,0
856,2,17,0,0,0,0,0,0,0
857,0,66,0,66,66,0,0,0,0
858,1,195,66,129,129,0,0,0,0
859,1,162,129,35,35,0,0,0,0
860,1,200,35,235,235,0,0,0,0
861,3,245,235,245,245,0,0,0,0
862,2,136,245,128,128,0,0,0,0
863,2,209,128,128,128,0,0,0,0
864,1,163,128,35,35,0,0,0,0
865,1,77,35,110,110,0,0,0,0
866,3,35,110,35,35,0,0,0,0
867,1,18,35,49,49,0,0,0,0
868,3,216,49,216,216,0,0,0,0
869,0,32,216,248,248,0,0,0,0
870,2,104,248,104,104,0,0,0,0
871,0,41,104,145,145,0,0,0,0
872,2,212,145,144,144,0,0,0,0
873,2,78,144,0,0,0,0,0,0
874,3,52,0,52,52,1,0,0,0
875,1,6,52,50,50,0,0,0,0
876,0,89,50,139,139,0,0,0,0
877,0,236,139,119,119,0,0,0,0
878,0,57,119,176,176,0,0,0,0
879,1,208,176,96,96,0,0,0,0
880,2,56,96,32,32,0,0,0,0
881,2,194,32,0,0,0,0,0,0
882,3,96,0,96,96,0,0,0,0
883,0,167,96,7,7,0,0,0,0
884,0,75,7,82,82,0,0,0,0
885,0,166,82,248,248,0,0,0,0
886,2,108,248,104,104,0,0,0,0
887,1,171,104,195,195,0,0,0,0
888,0,197,195,136,136,0,0,0,0
889,2,243,136,128,128,0,0,0,0
890,1,106,128,234,234,0,0,0,0
891,2,240,234,224,224,0,0,0,0
892,0,42,224,10,10,0,0,0,0
893,3,8,10,8,8,0,0,0,0
894,2,10,8,8,8,0,0,0,0
895,3,199,8,199,199,0,0,0,0
896,2,162,199,130,130,0,0,0,0
897,1,119,130,245,245,1,0,0,0
898,2,207,245,197,197,0,0,0,0
899,3,5,197,5,5,0,0,0,0
900,3,112,5,112,112,0,0,0,0
901,0,160,112,16,16,0,0,0,0
902,2,54,16,16,16,0,0,0,0
903,3,152,16,152,152,0,0,0,0
904,0,195,152,91,91,0,0,0,0
905,3,240,91,240,240,0,0,0,0
906,1,40,240,216,216,0,0,0,0
907,0,131,216,91,91,0,0,0,0
908,2,101,91,65,65,0,0,0,0
909,0,71,65,136,136,0,0,0,0
910,3,183,136,183,183,0,0,0,0
911,0,147,183,74,74,0,0,0,0
912,0,180,74,254,254,0,0,0,0
913,3,123,254,123,123,0,0,0,0
914,3,135,123,135,135,0,0,0,0
915,0,233,135,112,112,0,0,0,0
916,2,46,112,32,32,0,0,0,0
917,1,197,32,229,229,0,0,0,0
918,1,98,229,135,135,0,0,0,0
919,1,68,135,195,195,0,0,0,0
920,1,235,195,40,40,1,0,0,0
921,3,210,40,210,210,0,0,0,0
922,0,104,210,58,58,0,0,0,0
923,2,195,58,2,2,0,0,0,0
924,1,121,2,123,123,0,0,0,0
925,0,206,123,73,73,0,0,0,0
926,0,227,73,44,44,0,0,0,0
927,3,232,44,232,232,0,0,0,0
928,2,147,232,128,128,0,0,0,0
929,2,26,128,0,0,0,0,0,0
930,0,167,0,167,167,0,0,0,0
931,0,207,167,118,118,0,0,0,0
932,1,192,118,182,182,0,0,0,0
933,0,63,182,245,245,0,0,0,0
934,2,117,245,117,117,0,0,0,0
935,0,41,117,158,158,0,0,0,0
936,3,244,158,244,244,0,0,0,0
937,0,200,244,188,188,0,0,0,0
938,1,32,188,156,156,0,0,0,0
939,3,124,156,124,124,0,0,0,0
940,3,133,124,133,133,0,0,0,0
941,0,159,133,36,36,0,0,0,0
942,2,205,36,4,4,0,0,0,0
943,0,74,4,78,78,1,0,0,0
944,3,7,78,7,7,0,0,0,0
945,0,161,7,168,168,0,0,0,0
946,3,159,168,159,159,0,0,0,0
947,1,230,159,121,121,0,0,0,0
948,2,222,121,88,88,0,0,0,0
949,2,148,88,16,16,0,0,0,0
950,2,249,16,16,16,0,0,0,0
951,3,128,16,128,128,0,0,0,0
952,0,234,128,106,106,0,0,0,0
953,1,59,106,81,81,0,0,0,0
954,1,196,81,149,149,0,0,0,0
955,3,40,149,40,40,0,0,0,0
956,2,225,40,32,32,0,0,0,0
957,0,204,32,236,236,0,0,0,0
958,1,83,236,191,191,0,0,0,0
959,0,149,191,84,84,0,0,0,0
960,0,39,84,123,123,0,0,0,0
961,1,29,123,102,102,0,0,0,0
962,3,179,102,179,179,0,0,0,0
963,3,85,179,85,85,0,0,0,0
964,3,152,85,152,152,0,0,0,0
965,0,85,152,237,237,0,0,0,0
966,1,125,237,144,144,1,0,0,0
967,2,163,144,128,128,0,0,0,0
968,0,25,128,153,153,0,0,0,0
969,0,167,153,64,64,0,0,0,0
970,0,135,64,199,199,0,0,0,0
971,1,105,199,174,174,0,0,0,0
972,2,212,174,132,132,0,0,0,0
973,0,232,132,108,108,0,0,0,0
974,3,65,108,65,65,0,0,0,0
975,2,82,65,64,64,0,0,0,0
976,0,148,64,212,212,0,0,0,0
977,1,227,212,55,55,0,0,0,0
978,1,186,55,141,141,0,0,0,0
979,0,137,141,22,22,0,0,0,0
980,2,110,22,6,6,0,0,0,0
981,0,168,6,174,174,0,0,0,0
982,0,60,174,234,234,0,0,0,0
983,2,218,234,202,202,0,0,0,0
984,3,13,202,13,13,0,0,0,0
985,0,65,13,78,78,0,0,0,0
986,2,34,78,2,2,0,0,0,0
987,0,90,2,92,92,0,0,0,0
988,0,136,92,228,228,0,0,0,0
989,2,3,228,0,0,1,0,0,0
990,2,119,0,0,0,0,0,0,0
991,2,178,0,0,0,0,0,0,0
992,1,20,0,20,20,0,0,0,0
993,2,142,20,4,4,0,0,0,0
994,2,251,4,0,0,0,0,0,0
995,0,142,0,142,142,0,0,0,0
996,2,62,142,14,14,0,0,0,0
997,2,242,14,2,2,0,0,0,0
998,0,192,2,194,194,0,0,0,0
999,2,213,194,192,192,0,0,0,0
1000,1,15,192,207,207,0,0,0,0
1001,0,243,207,194,194,0,0,0,0
1002,0,12,194,206,206,0,0,0,0
1003,2,46,206,14,14,0,0,0,0
1004,0,34,14,48,48,0,0,0,0
1005,0,43,48,91,91,0,0,0,0
1006,0,170,91,5,5,0,0,0,0
1007,2,91,5,1,1,0,0,0,0
1008,1,6,1,7,7,0,0,0,0
1009,0,44,7,51,51,0,0,0,0
1010,0,251,51,46,46,0,0,0,0
1011,0,25,46,71,71,0,0,0,0
1012,3,41,71,41,41,1,0,0,0
1013,1,199,41,238,238,0,0,0,0
1014,3,196,238,196,196,0,0,0,0
1015,1,112,196,180,180,0,0,0,0
1016,2,16,180,16,16,0,0,0,0
1017,2,108,16,0,0,0,0,0,0
1018,2,219,0,0,0,0,0,0,0
1019,0,188,0,188,188,0,0,0,0
1020,0,237,188,169,169,0,0,0,0
1021,3,151,169,151,151,0,0,0,0
1022,2,28,151,20,20,0,0,0,0
1023,0,166,20,186,186,0,0,0,0
1024,1,109,186,215,215,0,0,0,0
1025,0,211,215,170,170,0,0,0,0
1026,1,233,170,67,67,0,0,0,0
1027,0,20,67,87,87,0,0,0,0
1028,1,248,87,175,175,0,0,0,0
1029,0,79,175,254,254,0,0,0,0
1030,3,140,254,140,140,0,0,0,0
1031,2,4,140,4,4,0,0,0,0
1032,1,147,4,151,151,0,0,0,0
1033,2,198,151,134,134,0,0,0,0
1034,3,90,134,90,90,0,0,0,0
1035,0,133,90,223,223,1,0,0,0
1036,1,25,223,198,198,0,0,0,0
1037,3,136,198,136,136,0,0,0,0
1038,0,149,136,29,29,0,0,0,0
1039,2,85,29,21,21,0,0,0,0
1040,0,209,21,230,230,0,0,0,0
1041,2,23,230,6,6,0,0,0,0
1042,0,105,6,111,111,0,0,0,0
1043,0,67,111,178,178,0,0,0,0
1044,0,153,178,75,75,0,0,0,0
1045,1,116,75,63,63,0,0,0,0
1046,0,246,63,53,53,0,0,0,0
1047,1,240,53,197,197,0,0,0,0
1048,2,98,197,64,64,0,0,0,0
1049,3,82,64,82,82,0,0,0,0
1050,3,46,82,46,46,0,0,0,0
1051,2,161,46,32,32,0,0,0,0
1052,3,38,32,38,38,0,0,0,0
1053,0,53,38,91,91,0,0,0,0
1054,3,10,91,10,10,0,0,0,0
1055,2,39,10,2,2,0,0,0,0
1056,0,155,2,157,157,0,0,0,0
1057,0,138,157,39,39,0,0,0,0
1058,3,65,39,65,65,1,0,0,0
1059,1,37,65,100,100,0,0,0,0
1060,1,31,100,123,123,0,0,0,0
1061,2,3,123,3,3,0,0,0,0
1062,1,125,3,126,126,0,0,0,0
1063,0,146,126,16,16,0,0,0,0
1064,1,206,16,222,222,0,0,0,0
1065,3,255,222,255,255,0,0,0,0
1066,1,243,255,12,12,0,0,0,0
1067,1,44,12,32,32,0,0,0,0
1068,3,83,32,83,83,0,0,0,0
1069,1,81,83,2,2,0,0,0,0
1070,0,89,2,91,91,0,0,0,0
1071,2,210,91,82,82,0,0,0,0
1072,3,15,82,15,15,0,0,0,0
1073,0,15,15,30,30,0,0,0,0
1074,0,255,30,29,29,0,0,0,0
1075,1,97,29,124,124,0,0,0,0
1076,0,23,124,147,147,0,0,0,0
1077,0,125,147,16,16,0,0,0,0
1078,0,142,16,158,158,0,0,0,0
1079,1,183,158,41,41,0,0,0,0
1080,3,161,41,161,161,0,0,0,0
1081,2,218,161,128,128,1,0,0,0
1082,2,80,128,0,0,0,0,0,0
1083,2,2,0,0,0,0,0,0,0
1084,2,244,0,0,0,0,0,0,0
1085,2,5,0,0,0,0,0,0,0
1086,0,17,0,17,17,0,0,0,0
1087,3,54,17,54,54,0,0,0,0
1088,3,163,54,163,163,0,0,0,0
1089,2,99,163,35,35,0,0,0,0
1090,2,156,35,0,0,0,0,0,0
1091,3,92,0,92,92,0,0,0,0
1092,0,216,92,52,52,0,0,0,0
1093,1,192,52,244,244,0,0,0,0
1094,2,67,244,64,64,0,0,0,0
1095,1,237,64,173,173,0,0,0,0
1096,0,125,173,42,42,0,0,0,0
1097,2,114,42,34,34,0,0,0,0
1098,3,41,34,41,41,0,0,0,0
1099,3,144,41,144,144,0,0,0,0
1100,0,178,144,66,66,0,0,0,0
1101,1,196,66,134,134,0,0,0,0
1102,1,106,134,236,236,0,0,0,0
1103,0,92,236,72,72,0,0,0,0
1104,0,112,72,184,184,1,0,0,0
1105,2,125,184,56,56,0,0,0,0
1106,2,219,56,24,24,0,0,0,0
1107,1,149,24,141,141,0,0,0,0
1108,0,228,141,113,113,0,0,0,0
1109,2,109,113,97,97,0,0,0,0
1110,1,92,97,61,61,0,0,0,0
1111,1,112,61,77,77,0,0,0,0
1112,1,209,77,156,156,0,0,0,0
1113,0,252,156,152,152,0,0,0,0
1114,0,6,152,158,158,0,0,0,0
1115,2,147,158,146,146,0,0,0,0
1116,3,248,146,248,248,0,0,0,0
1117,0,181,248,173,173,0,0,0,0
1118,2,10,173,8,8,0,0,0,0
1119,0,126,8,134,134,0,0,0,0
1120,3,86,134,86,86,0,0,0,0
1121,1,140,86,218,218,0,0,0,0
1122,2,77,218,72,72,0,0,0,0
1123,3,102,72,102,102,0,0,0,0
1124,3,87,102,87,87,0,0,0,0
1125,0,239,87,70,70,0,0,0,0
1126,0,26,70,96,96,0,0,0,0
1127,1,117,96,21,21,1,0,0,0
1128,0,252,21,17,17,0,0,0,0
1129,0,197,17,214,214,0,0,0,0
1130,1,46,214,248,248,0,0,0,0
1131,0,142,248,134,134,0,0,0,0
1132,2,49,134,0,0,0,0,0,0
1133,3,42,0,42,42,0,0,0,0
1134,3,15,42,15,15,0,0,0,0
1135,0,222,15,237,237,0,0,0,0
1136,0,173,237,154,154,0,0,0,0
1137,0,218,154,116,116,0,0,0,0
1138,1,202,116,190,190,0,0,0,0
1139,2,111,190,46,46,0,0,0,0
1140,3,194,46,194,194,0,0,0,0
1141,1,219,194,25,25,0,0,0,0
1142,2,244,25,16,16,0,0,0,0
1143,0,192,16,208,208,0,0,0,0
1144,3,186,208,186,186,0,0,0,0
1145,0,166,186,96,96,0,0,0,0
1146,1,254,96,158,158,0,0,0,0
1147,2,171,158,138,138,0,0,0,0
1148,3,98,138,98,98,0,0,0,0
1149,0,99,98,197,197,0,0,0,0
1150,2,255,197,197,197,1,0,0,0
1151,1,251,197,62,62,0,0,0,0
1152,1,184,62,134,134,0,0,0,0
1153,2,219,134,130,130,0,0,0,0
1154,1,245,130,119,119,0,0,0,0
1155,0,46,119,165,165,0,0,0,0
1156,1,49,165,148,148,0,0,0,0
1157,3,66,148,66,66,0,0,0,0
1158,2,4,66,0,0,0,0,0,0
1159,2,40,0,0,0,0,0,0,0
1160,3,82,0,82,82,0,0,0,0
1161,0,37,82,119,119,0,0,0,0
1162,1,46,119,89,89,0,0,0,0
1163,1,108,89,53,53,0,0,0,0
1164,0,253,53,50,50,0,0,0,0
1165,2,202,50,2,2,0,0,0,0
1166,2,28,2,0,0,0,0,0,0
1167,0,117,0,117,117,0,0,0,0
1168,1,211,117,166,166,0,0,0,0
1169,2,78,166,6,6,0,0,0,0
1170,3,69,6,69,69,0,0,0,0
1171,1,141,69,200,200,0,0,0,0
1172,0,244,200,188,188,0,0,0,0
1173,1,114,188,206,206,1,0,0,0
1174,0,227,206,177,177,0,0,0,0
1175,0,226,177,147,147,0,0,0,0
1176,2,152,147,144,144,0,0,0,0
1177,0,77,144,221,221,0,0,0,0
1178,1,105,221,180,180,0,0,0,0
1179,2,205,180,132,132,0,0,0,0
1180,2,133,132,132,132,0,0,0,0
1181,3,170,132,170,170,0,0,0,0
1182,3,225,170,225,225,0,0,0,0
1183,0,28,225,253,253,0,0,0,0
1184,0,35,253,32,32,0,0,0,0
1185,0,115,32,147,147,0,0,0,0
1186,2,97,147,1,1,0,0,0,0
1187,0,236,1,237,237,0,0,0,0
1188,2,18,237,0,0,0,0,0,0
1189,3,82,0,82,82,0,0,0,0
1190,0,62,82,144,144,0,0,0,0
1191,0,96,144,240,240,0,0,0,0
1192,1,86,240,166,166,0,0,0,0
1193,1,170,166,12,12,0,0,0,0
1194,2,10,12,8,8,0,0,0,0
1195,3,66,8,66,66,0,0,0,0
1196,1,187,66,249,249,1,0,0,0
1197,1,174,249,87,87,0,0,0,0
1198,3,101,87,101,101,0,0,0,0
1199,1,0,101,101,101,0,0,0,0
1200,0,35,101,136,136,0,0,0,0
1201,2,73,136,8,8,0,0,0,0
1202,2,167,8,0,0,0,0,0,0
1203,1,51,0,51,51,0,0,0,0
1204,1,168,51,155,155,0,0,0,0
1205,3,176,155,176,176,0,0,0,0
1206,0,149,176,69,69,0,0,0,0
1207,1,170,69,239,239,0,0,0,0
1208,1,84,239,187,187,0,0,0,0
1209,0,93,187,24,24,0,0,0,0
1210,3,73,24,73,73,0,0,0,0
1211,1,58,73,115,115,0,0,0,0
1212,0,4,115,119,119,0,0,0,0
1213,3,140,119,140,140,0,0,0,0
1214,3,204,140,204,204,0,0,0,0
1215,2,207,204,204,204,0,0,0,0
1216,3,209,204,209,209,0,0,0,0
1217,3,12,209,12,12,0,0,0,0
1218,3,227,12,227,227,0,0,0,0
1219,1,233,227,10,10,1,0,0,0
1220,1,167,10,173,173,0,0,0,0
1221,1,121,173,212,212,0,0,0,0
1222,1,85,212,129,129,0,0,0,0
1223,2,218,129,128,128,0,0,0,0
1224,0,19,128,147,147,0,0,0,0
1225,3,15,147,15,15,0,0,0,0
1226,0,251,15,10,10,0,0,0,0
1227,2,189,10,8,8,0,0,0,0
1228,2,47,8,8,8,0,0,0,0
1229,1,15,8,7,7,0,0,0,0
1230,2,82,7,2,2,0,0,0,0
1231,3,99,2,99,99,0,0,0,0
1232,1,96,99,3,3,0,0,0,0
1233,1,247,3,244,244,0,0,0,0
1234,2,127,244,116,116,0,0,0,0
1235,1,137,116,253,253,0,0,0,0
1236,0,119,253,116,116,0,0,0,0
1237,0,105,116,221,221,0,0,0,0
1238,2,24,221,24,24,0,0,0,0
1239,3,176,24,176,176,0,0,0,0
1240,2,73,176,0,0,0,0,0,0
1241,2,204,0,0,0,0,0,0,0
1242,1,98,0,98,98,1,0,0,0
1243,0,72,98,170,170,0,0,0,0
1244,1,129,170,43,43,0,0,0,0
1245,0,165,43,208,208,0,0,0,0
1246,3,191,208,191,191,0,0,0,0
1247,0,185,191,120,120,0,0,0,0
1248,3,152,120,152,152,0,0,0,0
1249,2,128,152,128,128,0,0,0,0
1250,0,200,128,72,72,0,0,0,0
1251,0,118,72,190,190,0,0,0,0
1252,2,27,190,26,26,0,0,0,0
1253,1,182,26,172,172,0,0,0,0
1254,2,166,172,164,164,0,0,0,0
1255,2,157,164,132,132,0,0,0,0
1256,2,47,132,4,4,0,0,0,0
1257,2,174,4,4,4,0,0,0,0
1258,0,39,4,43,43,0,0,0,0
1259,1,113,43,90,90,0,0,0,0
1260,2,179,90,18,18,0,0,0,0
1261,3,225,18,225,225,0,0,0,0
1262,0,243,225,212,212,0,0,0,0
1263,0,168,212,124,124,0,0,0,0
1264,3,42,124,42,42,0,0,0,0
1265,3,21,42,21,21,1,0,0,0
1266,0,63,21,84,84,0,0,0,0
1267,0,0,84,84,84,0,0,0,0
1268,0,46,84,130,130,0,0,0,0
1269,1,170,130,40,40,0,0,0,0
1270,1,66,40,106,106,0,0,0,0
1271,3,113,106,113,113,0,0,0,0
1272,3,81,113,81,81,0,0,0,0
1273,3,182,81,182,182,0,0,0,0
1274,0,226,182,152,152,0,0,0,0
1275,0,207,152,103,103,0,0,0,0
1276,3,141,103,141,141,0,0,0,0
1277,0,193,141,78,78,0,0,0,0
1278,1,152,78,214,214,0,0,0,0
1279,3,153,214,153,153,0,0,0,0
1280,1,105,153,240,240,0,0,0,0
1281,1,113,240,129,129,0,0,0,0
1282,1,191,129,62,62,0,0,0,0
1283,1,131,62,189,189,0,0,0,0
1284,1,221,189,96,96,0,0,0,0
1285,2,118,96,96,96,0,0,0,0
1286,3,162,96,162,162,0,0,0,0
1287,0,28,162,190,190,0,0,0,0
1288,3,82,190,82,82,1,0,0,0
1289,3,179,82,179,179,0,0,0,0
1290,1,152,179,43,43,0,0,0,0
1291,2,237,43,41,41,0,0,0,0
1292,1,55,41,30,30,0,0,0,0
1293,3,12,30,12,12,0,0,0,0
1294,0,207,12,219,219,0,0,0,0
1295,1,150,219,77,77,0,0,0,0
1296,2,48,77,0,0,0,0,0,0
1297,2,146,0,0,0,0,0,0,0
1298,2,168,0,0,0,0,0,0,0
1299,3,81,0,81,81,0,0,0,0
1300,1,3,81,82,82,0,0,0,0
1301,0,181,82,7,7,0,0,0,0
1302,2,76,7,4,4,0,0,0,0
1303,3,193,4,193,193,0,0,0,0
1304,3,170,193,170,170,0,0,0,0
1305,2,142,170,138,138,0,0,0,0
1306,3,71,138,71,71,0,0,0,0
1307,1,213,71,146,146,0,0,0,0
1308,1,231,146,117,117,0,0,0,0
1309,2,150,117,20,20,0,0,0,0
1310,0,234,20,254,254,0,0,0,0
1311,1,22,254,232,232,1,0,0,0
1312,1,173,232,69,69,0,0,0,0
1313,2,31,69,5,5,0,0,0,0
1314,3,40,5,40,40,0,0,0,0
1315,0,46,40,86,86,0,0,0,0
1316,3,3,86,3,3,0,0,0,0
1317,1,161,3,162,162,0,0,0,0
1318,2,49,162,32,32,0,0,0,0
1319,3,126,32,126,126,0,0,0,0
1320,2,49,126,48,48,0,0,0,0
1321,1,153,48,169,169,0,0,0,0
1322,3,172,169,172,172,0,0,0,0
1323,0,139,172,55,55,0,0,0,0
1324,2,234,55,34,34,0,0,0,0
1325,1,195,34,225,225,0,0,0,0
1326,3,79,225,79,79,0,0,0,0
1327,2,147,79,3,3,0,0,0,0
1328,3,88,3,88,88,0,0,0,0
1329,3,7,88,7,7,0,0,0,0
1330,1,192,7,199,199,0,0,0,0
1331,1,157,199,90,90,0,0,0,0
1332,3,62,90,62,62,0,0,0,0
1333,3,246,62,246,246,0,0,0,0
1334,2,251,246,242,242,1,0,0,0
1335,2,47,242,34,34,0,0,0,0
1336,0,176,34,210,210,0,0,0,0
1337,3,218,210,218,218,0,0,0,0
1338,0,54,218,16,16,0,0,0,0
1339,0,2,16,18,18,0,0,0,0
1340,0,186,18,204,204,0,0,0,0
1341,0,232,204,180,180,0,0,0,0
1342,3,205,180,205,205,0,0,0,0
1343,2,107,205,73,73,0,0,0,0
1344,2,188,73,8,8,0,0,0,0
1345,2,199,8,0,0,0,0,0,0
1346,2,22,0,0,0,0,0,0,0
1347,2,114,0,0,0,0,0,0,0
1348,2,195,0,0,0,0,0,0,0
1349,1,207,0,207,207,0,0,0,0
1350,2,9,207,9,9,0,0,0,0
1351,2,176,9,0,0,0,0,0,0
1352,3,183,0,183,183,0,0,0,0
1353,3,247,183,247,247,0,0,0,0
1354,3,103,247,103,103,0,0,0,0
1355,3,49,103,49,49,0,0,0,0
1356,2,163,49,33,33,0,0,0,0
1357,1,208,33,241,241,1,0,0,0
1358,0,56,241,41,41,0,0,0,0
1359,0,232,41,17,17,0,0,0,0
1360,0,115,17,132,132,0,0,0,0
1361,2,208,132,128,128,0,0,0,0
1362,0,224,128,96,96,0,0,0,0
1363,1,161,96,193,193,0,0,0,0
1364,3,195,193,195,195,0,0,0,0
1365,3,158,195,158,158,0,0,0,0
1366,1,180,158,42,42,0,0,0,0
1367,0,170,42,212,212,0,0,0,0
1368,2,101,212,68,68,0,0,0,0
1369,3,127,68,127,127,0,0,0,0
1370,0,141,127,12,12,0,0,0,0
1371,1,167,12,171,171,0,0,0,0
1372,0,11,171,182,182,0,0,0,0
1373,0,89,182,15,15,0,0,0,0
1374,2,126,15,14,14,0,0,0,0
1375,3,25,14,25,25,0,0,0,0
1376,3,140,25,140,140,0,0,0,0
1377,2,151,140,132,132,0,0,0,0
1378,3,217,132,217,217,0,0,0,0
1379,1,81,217,136,136,0,0,0,0
1380,2,133,136,128,128,1,0,0,0
1381,0,150,128,22,22,0,0,0,0
1382,3,250,22,250,250,0,0,0,0
1383,1,211,250,41,41,0,0,0,0
1384,0,181,41,222,222,0,0,0,0
1385,2,54,222,22,22,0,0,0,0
1386,0,36,22,58,58,0,0,0,0
1387,0,148,58,206,206,0,0,0,0
1388,0,105,206,55,55,0,0,0,0
1389,0,54,55,109,109,0,0,0,0
1390,3,247,109,247,247,0,0,0,0
1391,3,242,247,242,242,0,0,0,0
1392,3,112,242,112,112,0,0,0,0
1393,0,60,112,172,172,0,0,0,0
1394,2,250,172,168,168,0,0,0,0
1395,2,235,168,168,168,0,0,0,0
1396,1,225,168,73,73,0,0,0,0
1397,2,157,73,9,9,0,0,0,0
1398,0,88,9,97,97,0,0,0,0
1399,1,115,97,18,18,0,0,0,0
1400,3,80,18,80,80,0,0,0,0
1401,0,170,80,250,250,0,0,0,0
1402,1,41,250,211,211,0,0,0,0
1403,1,56,211,235,235,1,0,0,0
1404,0,12,235,247,247,0,0,0,0
1405,1,243,247,4,4,0,0,0,0
1406,0,11,4,15,15,0,0,0,0
1407,1,139,15,132,132,0,0,0,0
1408,2,135,132,132,132,0,0,0,0
1409,1,253,132,121,121,0,0,0,0
1410,1,24,121,97,97,0,0,0,0
1411,3,232,97,232,232,0,0,0,0
1412,2,140,232,136,136,0,0,0,0
1413,1,125,136,245,245,0,0,0,0
1414,2,162,245,160,160,0,0,0,0
1415,2,255,160,160,160,0,0,0,0
1416,2,207,160,128,128,0,0,0,0
1417,0,201,128,73,73,0,0,0,0
1418,0,193,73,10,10,0,0,0,0
1419,0,166,10,176,176,0,0,0,0
1420,3,194,176,194,194,0,0,0,0
1421,2,8,194,0,0,0,0,0,0
1422,3,67,0,67,67,0,0,0,0
1423,2,237,67,65,65,0,0,0,0
1424,1,80,65,17,17,0,0,0,0
1425,1,76,17,93,93,0,0,0,0
1426,1,25,93,68,68,1,0,0,0
1427,0,175,68,243,243,0,0,0,0
1428,1,79,243,188,188,0,0,0,0
1429,3,171,188,171,171,0,0,0,0
1430,1,164,171,15,15,0,0,0,0
1431,3,114,15,114,114,0,0,0,0
1432,1,225,114,147,147,0,0,0,0
1433,1,92,147,207,207,0,0,0,0
1434,3,174,207,174,174,0,0,0,0
1435,2,113,174,32,32,0,0,0,0
1436,3,64,32,64,64,0,0,0,0
1437,3,76,64,76,76,0,0,0,0
1438,2,129,76,0,0,0,0,0,0
1439,3,60,0,60,60,0,0,0,0
1440,2,158,60,28,28,0,0,0,0
1441,2,213,28,20,20,0,0,0,0
1442,3,241,20,241,241,0,0,0,0
1443,0,251,241,236,236,0,0,0,0
1444,3,184,236,184,184,0,0,0,0
1445,2,192,184,128,128,0,0,0,0
1446,0,27,128,155,155,0,0,0,0
1447,3,142,155,142,142,0,0,0,0
1448,0,227,142,113,113,0,0,0,0
1449,2,35,113,33,33,1,0,0,0
1450,2,228,33,32,32,0,0,0,0
1451,3,114,32,114,114,0,0,0,0
1452,1,78,114,60,60,0,0,0,0
1453,1,54,60,10,10,0,0,0,0
1454,1,231,10,237,237,0,0,0,0
1455,1,177,237,92,92,0,0,0,0
1456,2,1,92,0,0,0,0,0,0
1457,2,220,0,0,0,0,0,0,0
1458,3,20,0,20,20,0,0,0,0
1459,1,142,20,154,154,0,0,0,0
1460,2,196,154,128,128,0,0,0,0
1461,0,85,128,213,213,0,0,0,0
1462,2,133,213,133,133,0,0,0,0
1463,3,60,133,60,60,0,0,0,0
1464,0,198,60,2,2,0,0,0,0
1465,3,73,2,73,73,0,0,0,0
1466,3,93,73,93,93,0,0,0,0
1467,2,179,93,17,17,0,0,0,0
1468,0,200,17,217,217,0,0,0,0
1469,3,97,217,97,97,0,0,0,0
1470,1,168,97,201,201,0,0,0,0
1471,1,191,201,118,118,0,0,0,0
1472,3,199,118,199,199,1,0,0,0
1473,2,180,199,132,132,0,0,0,0
1474,0,56,132,188,188,0,0,0,0
1475,1,105,188,213,213,0,0,0,0
1476,1,139,213,94,94,0,0,0,0
1477,1,85,94,11,11,0,0,0,0
1478,0,44,11,55,55,0,0,0,0
1479,3,112,55,112,112,0,0,0,0
1480,2,244,112,112,112,0,0,0,0
1481,0,227,112,83,83,0,0,0,0
1482,0,217,83,44,44,0,0,0,0
1483,1,14,44,34,34,0,0,0,0
1484,1,214,34,244,244,0,0,0,0
1485,0,63,244,51,51,0,0,0,0
1486,1,130,51,177,177,0,0,0,0
1487,3,53,177,53,53,0,0,0,0
1488,0,124,53,177,177,0,0,0,0
1489,2,162,177,160,160,0,0,0,0
1490,1,222,160,126,126,0,0,0,0
1491,1,198,126,184,184,0,0,0,0
1492,2,59,184,56,56,0,0,0,0
1493,3,60,56,60,60,0,0,0,0
1494,0,109,60,169,169,0,0,0,0
1495,1,94,169,247,247,1,0,0,0
1496,2,73,247,65,65,0,0,0,0
1497,3,241,65,241,241,0,0,0,0
1498,0,25,241,10,10,0,0,0,0
1499,1,157,10,151,151,0,0,0,0
1500,1,87,151,192,192,0,0,0,0
1501,2,97,192,64,64,0,0,0,0
1502,1,212,64,148,148,0,0,0,0
1503,2,9,148,0,0,0,0,0,0
1504,1,34,0,34,34,0,0,0,0
1505,2,150,34,2,2,0,0,0,0
1506,3,232,2,232,232,0,0,0,0
1507,1,225,232,9,9,0,0,0,0
1508,1,159,9,150,150,0,0,0,0
1509,1,206,150,88,88,0,0,0,0
1510,2,212,88,80,80,0,0,0,0
1511,2,95,80,80,80,0,0,0,0
1512,2,147,80,16,16,0,0,0,0
1513,2,212,16,16,16,0,0,0,0
1514,2,77,16,0,0,0,0,0,0
1515,2,138,0,0,0,0,0,0,0
1516,1,151,0,151,151,0,0,0,0
1517,1,167,151,48,48,0,0,0,0
1518,3,64,48,64,64,1,0,0,0
1519,1,184,64,248,248,0,0,0,0
1520,3,77,248,77,77,0,0,0,0
1521,1,106,77,39,39,0,0,0,0
1522,2,117,39,37,37,0,0,0,0
1523,1,80,37,117,117,0,0,0,0
1524,0,130,117,247,247,0,0,0,0
1525,3,4,247,4,4,0,0,0,0
1526,3,152,4,152,152,0,0,0,0
1527,1,115,152,235,235,0,0,0,0
1528,1,113,235,154,154,0,0,0,0
1529,2,162,154,130,130,0,0,0,0
1530,2,185,130,128,128,0,0,0,0
1531,0,162,128,34,34,0,0,0,0
1532,2,175,34,34,34,0,0,0,0
1533,1,200,34,234,234,0,0,0,0
1534,2,11,234,10,10,0,0,0,0
1535,1,63,10,53,53,0,0,0,0
1536,3,78,53,78,78,0,0,0,0
1537,3,69,78,69,69,0,0,0,0
1538,0,231,69,44,44,0,0,0,0
1539,2,133,44,4,4,0,0,0,0
1540,1,50,4,54,54,0,0,0,0
1541,3,78,54,78,78,1,0,0,0
1542,1,18,78,92,92,0,0,0,0
1543,0,117,92,209,209,0,0,0,0
1544,1,21,209,196,196,0,0,0,0
1545,0,138,196,78,78,0,0,0,0
1546,3,232,78,232,232,0,0,0,0
1547,3,185,232,185,185,0,0,0,0
1548,2,177,185,177,177,0,0,0,0
1549,0,166,177,87,87,0,0,0,0
1550,2,54,87,22,22,0,0,0,0
1551,2,28,22,20,20,0,0,0,0
1552,3,211,20,211,211,0,0,0,0
1553,0,179,211,134,134,0,0,0,0
1554,2,8,134,0,0,0,0,0,0
1555,1,65,0,65,65,0,0,0,0
1556,3,93,65,93,93,0,0,0,0
1557,0,111,93,204,204,0,0,0,0
1558,2,8,204,8,8,0,0,0,0
1559,0,9,8,17,17,0,0,0,0
1560,0,58,17,75,75,0,0,0,0
1561,0,54,75,129,129,0,0,0,0
1562,0,26,129,155,155,0,0,0,0
1563,1,237,155,118,118,0,0,0,0
1564,2,253,118,116,116,1,0,0,0
1565,1,46,116,90,90,0,0,0,0
1566,3,144,90,144,144,0,0,0,0
1567,3,26,144,26,26,0,0,0,0
1568,1,66,26,88,88,0,0,0,0
1569,1,39,88,127,127,0,0,0,0
1570,2,199,127,71,71,0,0,0,0
1571,1,212,71,147,147,0,0,0,0
1572,1,190,147,45,45,0,0,0,0
1573,2,32,45,32,32,0,0,0,0
1574,2,83,32,0,0,0,0,0,0
1575,3,255,0,255,255,0,0,0,0
1576,3,10,255,10,10,0,0,0,0
1577,3,126,10,126,126,0,0,0,0
1578,3,91,126,91,91,0,0,0,0
1579,1,246,91,173,173,0,0,0,0
1580,3,91,173,91,91,0,0,0,0
1581,1,135,91,220,220,0,0,0,0
1582,3,89,220,89,89,0,0,0,0
1583,2,169,89,9,9,0,0,0,0
1584,0,46,9,55,55,0,0,0,0
1585,0,44,55,99,99,0,0,0,0
1586,1,200,99,171,171,0,0,0,0
1587,2,114,171,34,34,1,0,0,0
1588,3,5,34,5,5,0,0,0,0
1589,1,222,5,219,219,0,0,0,0
1590,0,231,219,194,194,0,0,0,0
1591,2,66,194,66,66,0,0,0,0
1592,0,35,66,101,101,0,0,0,0
1593,2,238,101,100,100,0,0,0,0
1594,2,120,100,96,96,0,0,0,0
1595,2,194,96,64,64,0,0,0,0
1596,3,143,64,143,143,0,0,0,0
1597,0,250,143,137,137,0,0,0,0
1598,1,87,137,222,222,0,0,0,0
1599,1,171,222,117,117,0,0,0,0
1600,2,178,117,48,48,0,0,0,0
1601,1,171,48,155,155,0,0,0,0
1602,0,227,155,126,126,0,0,0,0
1603,1,54,126,72,72,0,0,0,0
1604,2,228,72,64,64,0,0,0,0
1605,3,254,64,254,254,0,0,0,0
1606,3,15,254,15,15,0,0,0,0
1607,2,31,15,15,15,0,0,0,0
1608,0,185,15,200,200,0,0,0,0
1609,3,147,200,147,147,0,0,0,0
1610,0,103,147,250,250,1,0,0,0
1611,3,249,250,249,249,0,0,0,0
1612,0,152,249,145,145,0,0,0,0
1613,3,27,145,27,27,0,0,0,0
1614,0,147,27,174,174,0,0,0,0
1615,3,188,174,188,188,0,0,0,0
1616,3,34,188,34,34,0,0,0,0
1617,1,120,34,90,90,0,0,0,0
1618,0,178,90,12,12,0,0,0,0
1619,1,87,12,91,91,0,0,0,0
1620,3,140,91,140,140,0,0,0,0
1621,2,35,140,0,0,0,0,0,0
1622,3,218,0,218,218,0,0,0,0
1623,3,126,218,126,126,0,0,0,0
1624,3,202,126,202,202,0,0,0,0
1625,1,91,202,145,145,0,0,0,0
1626,2,223,145,145,145,0,0,0,0
1627,2,81,145,17,17,0,0,0,0
1628,2,81,17,17,17,0,0,0,0
1629,2,13,17,1,1,0,0,0,0
1630,2,79,1,1,1,0,0,0,0
1631,0,179,1,180,180,0,0,0,0
1632,2,144,180,144,144,0,0,0,0
1633,3,242,144,242,242,1,0,0,0
1634,3,125,242,125,125,0,0,0,0
1635,1,247,125,138,138,0,0,0,0
1636,0,181,138,63,63,0,0,0,0
1637,0,237,63,44,44,0,0,0,0
1638,0,114,44,158,158,0,0,0,0
1639,0,18,158,176,176,0,0,0,0
1640,2,32,176,32,32,0,0,0,0
1641,1,33,32,1,1,0,0,0,0
1642,2,98,1,0,0,0,0,0,0
1643,1,105,0,105,105,0,0,0,0
1644,1,79,105,38,38,0,0,0,0
1645,0,146,38,184,184,0,0,0,0
1646,1,27,184,163,163,0,0,0,0
1647,3,216,163,216,216,0,0,0,0
1648,3,200,216,200,200,0,0,0,0
1649,2,78,200,72,72,0,0,0,0
1650,2,205,72,72,72,0,0,0,0
1651,0,137,72,209,209,0,0,0,0
1652,1,45,209,252,252,0,0,0,0
1653,0,67,252,63,63,0,0,0,0
1654,0,15,63,78,78,0,0,0,0
1655,2,111,78,78,78,0,0,0,0
1656,2,113,78,64,64,1,0,0,0
1657,3,199,64,199,199,0,0,0,0
1658,1,178,199,117,117,0,0,0,0
1659,3,88,117,88,88,0,0,0,0
1660,3,217,88,217,217,0,0,0,0
1661,1,201,217,16,16,0,0,0,0
1662,3,86,16,86,86,0,0,0,0
1663,3,63,86,63,63,0,0,0,0
1664,1,161,63,158,158,0,0,0,0
1665,1,210,158,76,76,0,0,0,0
1666,1,225,76,173,173,0,0,0,0
1667,2,204,173,140,140,0,0,0,0
1668,0,215,140,99,99,0,0,0,0
1669,2,245,99,97,97,0,0,0,0
1670,3,199,97,199,199,0,0,0,0
1671,0,74,199,17,17,0,0,0,0
1672,0,101,17,118,118,0,0,0,0
1673,0,170,118,32,32,0,0,0,0
1674,0,240,32,16,16,0,0,0,0
1675,1,129,16,145,145,0,0,0,0
1676,1,201,145,88,88,0,0,0,0
1677,1,147,88,203,203,0,0,0,0
1678,0,217,203,164,164,0,0,0,0
1679,1,101,164,193,193,1,0,0,0
1680,3,220,193,220,220,0,0,0,0
1681,3,158,220,158,158,0,0,0,0
1682,3,112,158,112,112,0,0,0,0
1683,3,86,112,86,86,0,0,0,0
1684,2,134,86,6,6,0,0,0,0
1685,1,166,6,160,160,0,0,0,0
1686,1,195,160,99,99,0,0,0,0
1687,0,54,99,153,153,0,0,0,0
1688,1,28,153,133,133,0,0,0,0
1689,2,75,133,1,1,0,0,0,0
1690,0,52,1,53,53,0,0,0,0
1691,3,153,53,153,153,0,0,0,0
1692,2,152,153,152,152,0,0,0,0
1693,1,0,152,152,152,0,0,0,0
1694,2,137,152,136,136,0,0,0,0
1695,0,218,136,98,98,0,0,0,0
1696,0,141,98,239,239,0,0,0,0
1697,3,72,239,72,72,0,0,0,0
1698,3,200,72,200,200,0,0,0,0
1699,0,70,200,14,14,0,0,0,0
1700,0,51,14,65,65,0,0,0,0
1701,2,15,65,1,1,0,0,0,0
1702,3,238,1,238,238,1,0,0,0
1703,2,194,238,194,194,0,0,0,0
1704,2,61,194,0,0,0,0,0,0
1705,0,216,0,216,216,0,0,0,0
1706,0,77,216,37,37,0,0,0,0
1707,1,188,37,153,153,0,0,0,0
1708,1,110,153,247,247,0,0,0,0
1709,1,69,247,178,178,0,0,0,0
1710,1,51,178,129,129,0,0,0,0
1711,0,158,129,31,31,0,0,0,0
1712,0,181,31,212,212,0,0,0,0
1713,1,184,212,108,108,0,0,0,0
1714,2,74,108,72,72,0,0,0,0
1715,1,193,72,137,137,0,0,0,0
1716,1,168,137,33,33,0,0,0,0
1717,3,192,33,192,192,0,0,0,0
1718,1,244,192,52,52,0,0,0,0
1719,2,149,52,20,20,0,0,0,0
1720,1,74,20,94,94,0,0,0,0
1721,0,9,94,103,103,0,0,0,0
1722,3,250,103,250,250,0,0,0,0
1723,0,122,250,116,116,0,0,0,0
1724,3,82,116,82,82,0,0,0,0
1725,1,29,82,79,79,1,0,0,0
1726,0,184,79,7,7,0,0,0,0
1727,2,166,7,6,6,0,0,0,0
1728,1,19,6,21,21,0,0,0,0
1729,0,89,21,110,110,0,0,0,0
1730,0,52,110,162,162,0,0,0,0
1731,2,202,162,130,130,0,0,0,0
1732,3,12,130,12,12,0,0,0,0
1733,0,47,12,59,59,0,0,0,0
1734,0,203,59,6,6,0,0,0,0
1735,3,153,6,153,153,0,0,0,0
1736,3,225,153,225,225,0,0,0,0
1737,3,240,225,240,240,0,0,0,0
1738,3,121,240,121,121,0,0,0,0
1739,2,169,121,41,41,0,0,0,0
1740,1,26,41,51,51,0,0,0,0
1741,1,30,51,45,45,0,0,0,0
1742,3,140,45,140,140,0,0,0,0
1743,2,161,140,128,128,0,0,0,0
1744,2,120,128,0,0,0,0,0,0
1745,3,18,0,18,18,0,0,0,0
1746,2,26,18,18,18,0,0,0,0
1747,0,236,18,254,254,0,0,0,0
1748,1,76,254,178,178,1,0,0,0
1749,2,133,178,128,128,0,0,0,0
1750,1,142,128,14,14,0,0,0,0
1751,1,31,14,17,17,0,0,0,0
1752,1,224,17,241,241,0,0,0,0
1753,3,84,241,84,84,0,0,0,0
1754,1,144,84,196,196,0,0,0,0
1755,2,12,196,4,4,0,0,0,0
1756,2,26,4,0,0,0,0,0,0
1757,1,131,0,131,131,0,0,0,0
1758,3,10,131,10,10,0,0,0,0
1759,0,160,10,170,170,0,0,0,0
1760,0,121,170,35,35,0,0,0,0
1761,0,147,35,182,182,0,0,0,0
1762,1,142,182,56,56,0,0,0,0
1763,0,214,56,14,14,0,0,0,0
1764,2,110,14,14,14,0,0,0,0
1765,3,184,14,184,184,0,0,0,0
1766,3,244,184,244,244,0,0,0,0
1767,2,148,244,148,148,0,0,0,0
1768,1,59,148,175,175,0,0,0,0
1769,2,139,175,139,139,0,0,0,0
1770,2,150,139,130,130,0,0,0,0
1771,3,248,130,248,248,1,0,0,0
1772,2,56,248,56,56,0,0,0,0
1773,3,255,56,255,255,0,0,0,0
1774,2,71,255,71,71,0,0,0,0
1775,0,18,71,89,89,0,0,0,0
1776,2,80,89,80,80,0,0,0,0
1777,1,117,80,37,37,0,0,0,0
1778,1,124,37,89,89,0,0,0,0
1779,0,245,89,78,78,0,0,0,0
1780,1,88,78,22,22,0,0,0,0
1781,1,180,22,162,162,0,0,0,0
1782,2,212,162,128,128,0,0,0,0
1783,0,168,128,40,40,0,0,0,0
1784,0,230,40,14,14,0,0,0,0
1785,3,255,14,255,255,0,0,0,0
1786,0,17,255,16,16,0,0,0,0
1787,3,186,16,186,186,0,0,0,0
1788,2,43,186,42,42,0,0,0,0
1789,2,175,42,42,42,0,0,0,0
1790,3,45,42,45,45,0,0,0,0
1791,0,168,45,213,213,0,0,0,0
1792,3,79,213,79,79,0,0,0,0
1793,1,174,79,225,225,0,0,0,0
1794,3,216,225,216,216,1,0,0,0
1795,0,72,216,32,32,0,0,0,0
1796,2,39,32,32,32,0,0,0,0
1797,2,40,32,32,32,0,0,0,0
1798,0,63,32,95,95,0,0,0,0
1799,3,41,95,41,41,0,0,0,0
1800,3,250,41,250,250,0,0,0,0
1801,3,251,250,251,251,0,0,0,0
1802,0,153,251,148,148,0,0,0,0
1803,3,28,148,28,28,0,0,0,0
1804,2,60,28,28,28,0,0,0,0
1805,3,112,28,112,112,0,0,0,0
1806,1,6,112,118,118,0,0,0,0
1807,0,203,118,65,65,0,0,0,0
1808,2,222,65,64,64,0,0,0,0
1809,0,251,64,59,59,0,0,0,0
1810,1,190,59,133,133,0,0,0,0
1811,2,189,133,133,133,0,0,0,0
1812,2,134,133,132,132,0,0,0,0
1813,1,172,132,40,40,0,0,0,0
1814,0,161,40,201,201,0,0,0,0
1815,1,35,201,234,234,0,0,0,0
1816,2,153,234,136,136,0,0,0,0
1817,1,133,136,13,13,1,0,0,0
1818,1,219,13,214,214,0,0,0,0
1819,2,214,214,214,214,0,0,0,0
1820,2,121,214,80,80,0,0,0,0
1821,1,59,80,107,107,0,0,0,0
1822,0,224,107,75,75,0,0,0,0
1823,0,42,75,117,117,0,0,0,0
1824,2,165,117,37,37,0,0,0,0
1825,2,167,37,37,37,0,0,0,0
1826,1,8,37,45,45,0,0,0,0
1827,2,162,45,32,32,0,0,0,0
1828,2,254,32,32,32,0,0,0,0
1829,0,123,32,155,155,0,0,0,0
1830,1,0,155,155,155,0,0,0,0
1831,0,216,155,115,115,0,0,0,0
1832,2,191,115,51,51,0,0,0,0
1833,3,43,51,43,43,0,0,0,0
1834,1,217,43,242,242,0,0,0,0
1835,0,186,242,172,172,0,0,0,0
1836,0,149,172,65,65,0,0,0,0
1837,0,57,65,122,122,0,0,0,0
1838,1,39,122,93,93,0,0,0,0
1839,1,72,93,21,21,0,0,0,0
1840,2,132,21,4,4,1,0,0,0
1841,1,242,4,246,246,0,0,0,0
1842,1,46,246,216,216,0,0,0,0
1843,1,184,216,96,96,0,0,0,0
1844,1,97,96,1,1,0,0,0,0
1845,3,139,1,139,139,0,0,0,0
1846,0,188,139,71,71,0,0,0,0
1847,3,214,71,214,214,0,0,0,0
1848,1,29,214,203,203,0,0,0,0
1849,3,233,203,233,233,0,0,0,0
1850,2,115,233,97,97,0,0,0,0
1851,1,132,97,229,229,0,0,0,0
1852,1,130,229,103,103,0,0,0,0
1853,2,127,103,103,103,0,0,0,0
1854,1,226,103,133,133,0,0,0,0
1855,3,238,133,238,238,0,0,0,0
1856,0,218,238,200,200,0,0,0,0
1857,1,70,200,142,142,0,0,0,0
1858,1,111,142,225,225,0,0,0,0
1859,0,40,225,9,9,0,0,0,0
1860,0,136,9,145,145,0,0,0,0
1861,2,245,145,145,145,0,0,0,0
1862,2,53,145,17,17,0,0,0,0
1863,3,110,17,110,110,1,0,0,0
1864,0,41,110,151,151,0,0,0,0
1865,3,230,151,230,230,0,0,0,0
1866,1,53,230,211,211,0,0,0,0
1867,3,223,211,223,223,0,0,0,0
1868,0,250,223,217,217,0,0,0,0
1869,3,1,217,1,1,0,0,0,0
1870,1,41,1,40,40,0,0,0,0
1871,2,118,40,32,32,0,0,0,0
1872,1,84,32,116,116,0,0,0,0
1873,3,58,116,58,58,0,0,0,0
1874,2,70,58,2,2,0,0,0,0
1875,0,82,2,84,84,0,0,0,0
1876,2,23,84,20,20,0,0,0,0
1877,3,50,20,50,50,0,0,0,0
1878,2,90,50,18,18,0,0,0,0
1879,2,58,18,18,18,0,0,0,0
1880,2,223,18,18,18,0,0,0,0
1881,0,156,18,174,174,0,0,0,0
1882,1,39,174,137,137,0,0,0,0
1883,0,29,137,166,166,0,0,0,0
1884,1,187,166,29,29,0,0,0,0
1885,0,195,29,224,224,0,0,0,0
1886,3,189,224,189,189,1,0,0,0
1887,3,255,189,255,255,0,0,0,0
1888,2,83,255,83,83,0,0,0,0
1889,0,30,83,113,113,0,0,0,0
1890,1,92,113,45,45,0,0,0,0
1891,2,100,45,36,36,0,0,0,0
1892,3,11,36,11,11,0,0,0,0
1893,2,247,11,3,3,0,0,0,0
1894,2,81,3,1,1,0,0,0,0
1895,3,29,1,29,29,0,0,0,0
1896,3,102,29,102,102,0,0,0,0
1897,3,253,102,253,253,0,0,0,0
1898,1,108,253,145,145,0,0,0,0
1899,0,58,145,203,203,0,0,0,0
1900,3,190,203,190,190,0,0,0,0
1901,3,183,190,183,183,0,0,0,0
1902,0,104,183,31,31,0,0,0,0
1903,2,236,31,12,12,0,0,0,0
1904,1,119,12,123,123,0,0,0,0
1905,2,226,123,98,98,0,0,0,0
1906,3,146,98,146,146,0,0,0,0
1907,2,232,146,128,128,0,0,0,0
1908,0,166,128,38,38,0,0,0,0
1909,2,4,38,4,4,1,0,0,0
1910,3,1,4,1,1,0,0,0,0
1911,2,169,1,1,1,0,0,0,0
1912,1,155,1,154,154,0,0,0,0
1913,0,61,154,215,215,0,0,0,0
1914,2,157,215,149,149,0,0,0,0
1915,1,79,149,218,218,0,0,0,0
1916,0,241,218,203,203,0,0,0,0
1917,0,219,203,166,166,0,0,0,0
1918,2,99,166,34,34,0,0,0,0
1919,3,251,34,251,251,0,0,0,0
1920,1,124,251,135,135,0,0,0,0
1921,0,188,135,67,67,0,0,0,0
1922,2,224,67,64,64,0,0,0,0
1923,3,71,64,71,71,0,0,0,0
1924,0,167,71,238,238,0,0,0,0
1925,0,53,238,35,35,0,0,0,0
1926,1,57,35,26,26,0,0,0,0
1927,2,47,26,10,10,0,0,0,0
1928,0,164,10,174,174,0,0,0,0
1929,3,204,174,204,204,0,0,0,0
1930,0,32,204,236,236,0,0,0,0
1931,1,121,236,149,149,0,0,0,0
1932,0,202,149,95,95,1,0,0,0
1933,1,164,95,251,251,0,0,0,0
1934,2,43,251,43,43,0,0,0,0
1935,3,115,43,115,115,0,0,0,0
1936,1,29,115,110,110,0,0,0,0
1937,1,109,110,3,3,0,0,0,0
1938,3,91,3,91,91,0,0,0,0
1939,1,42,91,113,113,0,0,0,0
1940,0,253,113,110,110,0,0,0,0
1941,0,177,110,31,31,0,0,0,0
1942,2,82,31,18,18,0,0,0,0
1943,2,156,18,16,16,0,0,0,0
1944,0,121,16,137,137,0,0,0,0
1945,0,185,137,66,66,0,0,0,0
1946,3,114,66,114,114,0,0,0,0
1947,0,76,114,190,190,0,0,0,0
1948,2,117,190,52,52,0,0,0,0
1949,2,51,52,48,48,0,0,0,0
1950,3,107,48,107,107,0,0,0,0
1951,0,85,107,192,192,0,0,0,0
1952,2,18,192,0,0,0,0,0,0
1953,1,142,0,142,142,0,0,0,0
1954,0,49,142,191,191,0,0,0,0
1955,2,74,191,10,10,1,0,0,0
1956,1,80,10,90,90,0,0,0,0
1957,0,208,90,42,42,0,0,0,0
1958,1,169,42,131,131,0,0,0,0
1959,3,167,131,167,167,0,0,0,0
1960,2,5,167,5,5,0,0,0,0
1961,1,205,5,200,200,0,0,0,0
1962,0,66,200,10,10,0,0,0,0
1963,0,190,10,200,200,0,0,0,0
1964,3,81,200,81,81,0,0,0,0
1965,0,222,81,47,47,0,0,0,0
1966,0,119,47,166,166,0,0,0,0
1967,2,79,166,6,6,0,0,0,0
1968,1,196,6,194,194,0,0,0,0
1969,0,119,194,57,57,0,0,0,0
1970,2,225,57,33,33,0,0,0,0
1971,0,250,33,27,27,0,0,0,0
1972,3,83,27,83,83,0,0,0,0
1973,0,193,83,20,20,0,0,0,0
1974,0,67,20,87,87,0,0,0,0
1975,2,246,87,86,86,0,0,0,0
1976,2,203,86,66,66,0,0,0,0
1977,3,33,66,33,33,0,0,0,0
1978,1,6,33,39,39,1,0,0,0
1979,3,151,39,151,151,0,0,0,0
1980,0,211,151,106,106,0,0,0,0
1981,0,95,106,201,201,0,0,0,0
1982,0,229,201,174,174,0,0,0,0
1983,0,180,174,98,98,0,0,0,0
1984,0,154,98,252,252,0,0,0,0
1985,3,81,252,81,81,0,0,0,0
1986,3,167,81,167,167,0,0,0,0
1987,1,206,167,105,105,0,0,0,0
1988,0,119,105,224,224,0,0,0,0
1989,0,72,224,40,40,0,0,0,0
1990,2,217,40,8,8,0,0,0,0
1991,1,161,8,169,169,0,0,0,0
1992,0,82,169,251,251,0,0,0,0
1993,0,181,251,176,176,0,0,0,0
1994,3,56,176,56,56,0,0,0,0
1995,0,99,56,155,155,0,0,0,0
1996,2,37,155,1,1,0,0,0,0
1997,0,214,1,215,215,0,0,0,0
1998,2,89,215,81,81,0,0,0,0
1999,1,181,81,228,228,0,0,0,0
